Name,Sample,Total,g14,g5,g6,Total_indel,#1-Indel,#1-Reads(%),#2-Indel,#2-Reads(%),#3-Indel,#3-Reads(%),#4-Indel,#4-Reads(%),#5-Indel,#5-Reads(%),#6-Indel,#6-Reads(%),#7-Indel,#7-Reads(%),#8-Indel,#8-Reads(%),#9-Indel,#9-Reads(%),#10-Indel,#10-Reads(%),#11-Indel,#11-Reads(%),#12-Indel,#12-Reads(%),#13-Indel,#13-Reads(%),#14-Indel,#14-Reads(%),#15-Indel,#15-Reads(%),#16-Indel,#16-Reads(%),#17-Indel,#17-Reads(%),#18-Indel,#18-Reads(%),#19-Indel,#19-Reads(%),#20-Indel,#20-Reads(%),#21-Indel,#21-Reads(%),#22-Indel,#22-Reads(%),#23-Indel,#23-Reads(%),#24-Indel,#24-Reads(%),#25-Indel,#25-Reads(%),#26-Indel,#26-Reads(%),#27-Indel,#27-Reads(%),#28-Indel,#28-Reads(%),#29-Indel,#29-Reads(%),#30-Indel,#30-Reads(%),#31-Indel,#31-Reads(%),#32-Indel,#32-Reads(%),#33-Indel,#33-Reads(%),#34-Indel,#34-Reads(%),#35-Indel,#35-Reads(%),#36-Indel,#36-Reads(%),#37-Indel,#37-Reads(%),#38-Indel,#38-Reads(%),#39-Indel,#39-Reads(%),#40-Indel,#40-Reads(%),#41-Indel,#41-Reads(%),#42-Indel,#42-Reads(%),#43-Indel,#43-Reads(%),#44-Indel,#44-Reads(%),#45-Indel,#45-Reads(%),#46-Indel,#46-Reads(%),#47-Indel,#47-Reads(%),#48-Indel,#48-Reads(%),#49-Indel,#49-Reads(%),#50-Indel,#50-Reads(%),#51-Indel,#51-Reads(%),#52-Indel,#52-Reads(%),#53-Indel,#53-Reads(%),#54-Indel,#54-Reads(%),#55-Indel,#55-Reads(%),#56-Indel,#56-Reads(%),#57-Indel,#57-Reads(%),#58-Indel,#58-Reads(%),#59-Indel,#59-Reads(%),#60-Indel,#60-Reads(%),#61-Indel,#61-Reads(%),#62-Indel,#62-Reads(%),#63-Indel,#63-Reads(%),#64-Indel,#64-Reads(%),#65-Indel,#65-Reads(%),#66-Indel,#66-Reads(%),#67-Indel,#67-Reads(%),#68-Indel,#68-Reads(%),#69-Indel,#69-Reads(%),#70-Indel,#70-Reads(%),#71-Indel,#71-Reads(%),#72-Indel,#72-Reads(%),#73-Indel,#73-Reads(%),#74-Indel,#74-Reads(%),#75-Indel,#75-Reads(%),#76-Indel,#76-Reads(%),#77-Indel,#77-Reads(%),#78-Indel,#78-Reads(%),#79-Indel,#79-Reads(%),#80-Indel,#80-Reads(%),#81-Indel,#81-Reads(%),#82-Indel,#82-Reads(%),#83-Indel,#83-Reads(%),#84-Indel,#84-Reads(%),#85-Indel,#85-Reads(%),#86-Indel,#86-Reads(%),#87-Indel,#87-Reads(%),#88-Indel,#88-Reads(%),#89-Indel,#89-Reads(%),#90-Indel,#90-Reads(%),#91-Indel,#91-Reads(%),#92-Indel,#92-Reads(%),#93-Indel,#93-Reads(%),#94-Indel,#94-Reads(%),#95-Indel,#95-Reads(%),#96-Indel,#96-Reads(%),#97-Indel,#97-Reads(%),#98-Indel,#98-Reads(%),#99-Indel,#99-Reads(%),#100-Indel,#100-Reads(%),#101-Indel,#101-Reads(%),#102-Indel,#102-Reads(%),#103-Indel,#103-Reads(%),#104-Indel,#104-Reads(%),#105-Indel,#105-Reads(%),#106-Indel,#106-Reads(%),#107-Indel,#107-Reads(%),#108-Indel,#108-Reads(%),#109-Indel,#109-Reads(%),#110-Indel,#110-Reads(%),#111-Indel,#111-Reads(%),#112-Indel,#112-Reads(%),#113-Indel,#113-Reads(%),#114-Indel,#114-Reads(%),#115-Indel,#115-Reads(%),#116-Indel,#116-Reads(%),#117-Indel,#117-Reads(%),#118-Indel,#118-Reads(%),#119-Indel,#119-Reads(%),#120-Indel,#120-Reads(%),#121-Indel,#121-Reads(%),#122-Indel,#122-Reads(%),#123-Indel,#123-Reads(%),#124-Indel,#124-Reads(%),#125-Indel,#125-Reads(%),#126-Indel,#126-Reads(%),#127-Indel,#127-Reads(%),#128-Indel,#128-Reads(%),#129-Indel,#129-Reads(%),#130-Indel,#130-Reads(%),#131-Indel,#131-Reads(%),#132-Indel,#132-Reads(%),#133-Indel,#133-Reads(%),#134-Indel,#134-Reads(%),#135-Indel,#135-Reads(%),#136-Indel,#136-Reads(%),#137-Indel,#137-Reads(%),#138-Indel,#138-Reads(%),#139-Indel,#139-Reads(%),#140-Indel,#140-Reads(%),#141-Indel,#141-Reads(%),#142-Indel,#142-Reads(%),#143-Indel,#143-Reads(%),#144-Indel,#144-Reads(%),#145-Indel,#145-Reads(%),#146-Indel,#146-Reads(%),#147-Indel,#147-Reads(%),#148-Indel,#148-Reads(%),#149-Indel,#149-Reads(%),#150-Indel,#150-Reads(%),#151-Indel,#151-Reads(%),#152-Indel,#152-Reads(%),#153-Indel,#153-Reads(%),#154-Indel,#154-Reads(%),#155-Indel,#155-Reads(%),#156-Indel,#156-Reads(%),#157-Indel,#157-Reads(%),#158-Indel,#158-Reads(%),#159-Indel,#159-Reads(%),#160-Indel,#160-Reads(%),#161-Indel,#161-Reads(%),#162-Indel,#162-Reads(%),#163-Indel,#163-Reads(%),#164-Indel,#164-Reads(%),#165-Indel,#165-Reads(%),#166-Indel,#166-Reads(%),#167-Indel,#167-Reads(%),#168-Indel,#168-Reads(%),#169-Indel,#169-Reads(%),#170-Indel,#170-Reads(%),#171-Indel,#171-Reads(%),#172-Indel,#172-Reads(%),#173-Indel,#173-Reads(%),#174-Indel,#174-Reads(%),#175-Indel,#175-Reads(%),#176-Indel,#176-Reads(%),#177-Indel,#177-Reads(%),#178-Indel,#178-Reads(%),#179-Indel,#179-Reads(%),#180-Indel,#180-Reads(%),#181-Indel,#181-Reads(%),#182-Indel,#182-Reads(%),#183-Indel,#183-Reads(%),#184-Indel,#184-Reads(%),#185-Indel,#185-Reads(%),#186-Indel,#186-Reads(%),#187-Indel,#187-Reads(%),#188-Indel,#188-Reads(%),#189-Indel,#189-Reads(%),#190-Indel,#190-Reads(%),#191-Indel,#191-Reads(%),#192-Indel,#192-Reads(%),#193-Indel,#193-Reads(%),#194-Indel,#194-Reads(%),#195-Indel,#195-Reads(%),#196-Indel,#196-Reads(%),#197-Indel,#197-Reads(%),#198-Indel,#198-Reads(%),#199-Indel,#199-Reads(%),#200-Indel,#200-Reads(%),SNP_test,raw_wt_counter,0bp,In-frame,Out-of-frame,%g14,%g5,%g6
Miller-Plate62-A09,WT TTC642,1443,1419 (98.336798337%),1424 (98.683298683%),1424 (98.683298683%),8.25%,0,1324 (91.753291753%),-1,100 (6.930006930%),1,16 (1.108801109%),-2,3 (0.207900208%),NA,,NA,,NA,,NA,,NA,,NA,,NA,,NA,,NA,,NA,,NA,,NA,,NA,,NA,,NA,,NA,,NA,,NA,,NA,,NA,,NA,,NA,,NA,,NA,,NA,,NA,,NA,,NA,,NA,,NA,,NA,,NA,,NA,,NA,,NA,,NA,,NA,,NA,,NA,,NA,,NA,,NA,,NA,,NA,,NA,,NA,,NA,,NA,,NA,,NA,,NA,,NA,,NA,,NA,,NA,,NA,,NA,,NA,,NA,,NA,,NA,,NA,,NA,,NA,,NA,,NA,,NA,,NA,,NA,,NA,,NA,,NA,,NA,,NA,,NA,,NA,,NA,,NA,,NA,,NA,,NA,,NA,,NA,,NA,,NA,,NA,,NA,,NA,,NA,,NA,,NA,,NA,,NA,,NA,,NA,,NA,,NA,,NA,,NA,,NA,,NA,,NA,,NA,,NA,,NA,,NA,,NA,,NA,,NA,,NA,,NA,,NA,,NA,,NA,,NA,,NA,,NA,,NA,,NA,,NA,,NA,,NA,,NA,,NA,,NA,,NA,,NA,,NA,,NA,,NA,,NA,,NA,,NA,,NA,,NA,,NA,,NA,,NA,,NA,,NA,,NA,,NA,,NA,,NA,,NA,,NA,,NA,,NA,,NA,,NA,,NA,,NA,,NA,,NA,,NA,,NA,,NA,,NA,,NA,,NA,,NA,,NA,,NA,,NA,,NA,,NA,,NA,,NA,,NA,,NA,,NA,,NA,,NA,,NA,,NA,,NA,,NA,,NA,,NA,,NA,,NA,,NA,,NA,,NA,,NA,,NA,,NA,,NA,,NA,,NA,,NA,,NA,,NA,,NA,,NA,,NA,,1.006868132,1438 (1.013389711),91.75,0,8.25,98.33679834,98.68329868,98.68329868
Miller-Plate62-A01,d3_g14,1888,864 (45.762711864%),846 (44.809322034%),855 (45.286016949%),56.99%,0,812 (43.008474576%),-5,315 (16.684322034%),-6,118 (6.250000000%),-1,104 (5.508474576%),-4,82 (4.343220339%),-8,62 (3.283898305%),-7,58 (3.072033898%),-3,49 (2.595338983%),-9,46 (2.436440678%),-12,39 (2.065677966%),-2,36 (1.906779661%),-17,34 (1.800847458%),-13,16 (0.847457627%),-21,15 (0.794491525%),-10,12 (0.635593220%),1,11 (0.582627119%),-14,10 (0.529661017%),-11,7 (0.370762712%),-15,6 (0.317796610%),4,6 (0.317796610%),2,5 (0.264830508%),3,5 (0.264830508%),-16,4 (0.211864407%),-22,4 (0.211864407%),-18,4 (0.211864407%),-45,3 (0.158898305%),-26,3 (0.158898305%),-40,2 (0.105932203%),-20,2 (0.105932203%),-28,2 (0.105932203%),-25,2 (0.105932203%),10,2 (0.105932203%),-39,2 (0.105932203%),5,2 (0.105932203%),-23,1 (0.052966102%),-38,1 (0.052966102%),-31,1 (0.052966102%),62,1 (0.052966102%),-82,1 (0.052966102%),-33,1 (0.052966102%),-29,1 (0.052966102%),11,1 (0.052966102%),NA,,NA,,NA,,NA,,NA,,NA,,NA,,NA,,NA,,NA,,NA,,NA,,NA,,NA,,NA,,NA,,NA,,NA,,NA,,NA,,NA,,NA,,NA,,NA,,NA,,NA,,NA,,NA,,NA,,NA,,NA,,NA,,NA,,NA,,NA,,NA,,NA,,NA,,NA,,NA,,NA,,NA,,NA,,NA,,NA,,NA,,NA,,NA,,NA,,NA,,NA,,NA,,NA,,NA,,NA,,NA,,NA,,NA,,NA,,NA,,NA,,NA,,NA,,NA,,NA,,NA,,NA,,NA,,NA,,NA,,NA,,NA,,NA,,NA,,NA,,NA,,NA,,NA,,NA,,NA,,NA,,NA,,NA,,NA,,NA,,NA,,NA,,NA,,NA,,NA,,NA,,NA,,NA,,NA,,NA,,NA,,NA,,NA,,NA,,NA,,NA,,NA,,NA,,NA,,NA,,NA,,NA,,NA,,NA,,NA,,NA,,NA,,NA,,NA,,NA,,NA,,NA,,NA,,NA,,NA,,NA,,NA,,NA,,NA,,NA,,NA,,NA,,NA,,NA,,NA,,NA,,NA,,NA,,NA,,NA,,NA,,NA,,NA,,NA,,NA,,NA,,NA,,NA,,NA,,NA,,NA,,NA,,NA,,NA,,NA,,NA,,NA,,NA,,NA,,NA,,NA,,NA,,NA,,1.007886435,880 (1.018518519),43.01,15.25,41.74,45.76271186,44.80932203,45.28601695
Miller-Plate62-A03,d3_g5,1662,1353 (81.407942238%),154 (9.265944645%),154 (9.265944645%),89.53%,-1,228 (13.718411552%),1,183 (11.010830325%),0,174 (10.469314079%),-12,147 (8.844765343%),-2,131 (7.882069795%),-4,107 (6.438026474%),-13,79 (4.753309266%),-5,64 (3.850782190%),-3,53 (3.188929001%),-6,47 (2.827918171%),2,32 (1.925391095%),-8,27 (1.624548736%),-25,19 (1.143200963%),-26,18 (1.083032491%),-14,18 (1.083032491%),-33,18 (1.083032491%),-20,17 (1.022864019%),-7,17 (1.022864019%),-27,17 (1.022864019%),-9,15 (0.902527076%),-10,15 (0.902527076%),-24,14 (0.842358604%),-15,13 (0.782190132%),-17,12 (0.722021661%),-18,12 (0.722021661%),-19,12 (0.722021661%),-43,11 (0.661853189%),-11,10 (0.601684717%),-21,7 (0.421179302%),-23,7 (0.421179302%),3,7 (0.421179302%),-51,6 (0.361010830%),-113,6 (0.361010830%),6,6 (0.361010830%),-31,5 (0.300842359%),-29,5 (0.300842359%),-39,4 (0.240673887%),-16,4 (0.240673887%),-87,4 (0.240673887%),-103,4 (0.240673887%),-22,4 (0.240673887%),4,4 (0.240673887%),-116,3 (0.180505415%),-106,3 (0.180505415%),-48,3 (0.180505415%),-122,3 (0.180505415%),-130,3 (0.180505415%),108,2 (0.120336943%),70,2 (0.120336943%),-108,2 (0.120336943%),79,2 (0.120336943%),-38,2 (0.120336943%),-93,2 (0.120336943%),13,2 (0.120336943%),-30,2 (0.120336943%),-78,2 (0.120336943%),16,2 (0.120336943%),-28,2 (0.120336943%),8,2 (0.120336943%),9,2 (0.120336943%),-94,2 (0.120336943%),-46,1 (0.060168472%),-80,1 (0.060168472%),97,1 (0.060168472%),-35,1 (0.060168472%),-49,1 (0.060168472%),14,1 (0.060168472%),27,1 (0.060168472%),-84,1 (0.060168472%),91,1 (0.060168472%),11,1 (0.060168472%),-52,1 (0.060168472%),-71,1 (0.060168472%),67,1 (0.060168472%),-53,1 (0.060168472%),-47,1 (0.060168472%),-129,1 (0.060168472%),-79,1 (0.060168472%),77,1 (0.060168472%),33,1 (0.060168472%),7,1 (0.060168472%),-44,1 (0.060168472%),-118,1 (0.060168472%),-34,1 (0.060168472%),48,1 (0.060168472%),72,1 (0.060168472%),-107,1 (0.060168472%),15,1 (0.060168472%),121,1 (0.060168472%),63,1 (0.060168472%),-45,1 (0.060168472%),-102,1 (0.060168472%),17,1 (0.060168472%),128,1 (0.060168472%),87,1 (0.060168472%),-104,1 (0.060168472%),-55,1 (0.060168472%),NA,,NA,,NA,,NA,,NA,,NA,,NA,,NA,,NA,,NA,,NA,,NA,,NA,,NA,,NA,,NA,,NA,,NA,,NA,,NA,,NA,,NA,,NA,,NA,,NA,,NA,,NA,,NA,,NA,,NA,,NA,,NA,,NA,,NA,,NA,,NA,,NA,,NA,,NA,,NA,,NA,,NA,,NA,,NA,,NA,,NA,,NA,,NA,,NA,,NA,,NA,,NA,,NA,,NA,,NA,,NA,,NA,,NA,,NA,,NA,,NA,,NA,,NA,,NA,,NA,,NA,,NA,,NA,,NA,,NA,,NA,,NA,,NA,,NA,,NA,,NA,,NA,,NA,,NA,,NA,,NA,,NA,,NA,,NA,,NA,,NA,,NA,,NA,,NA,,NA,,NA,,NA,,NA,,NA,,NA,,NA,,NA,,NA,,NA,,NA,,NA,,NA,,NA,,0.986682108,1381 (1.020694752),10.47,23.83,65.7,81.40794224,9.265944645,9.265944645
Miller-Plate62-A04,d3_g6,2471,1968 (79.643868879%),184 (7.446377985%),184 (7.446377985%),90.85%,1,310 (12.545528126%),-12,273 (11.048158640%),0,226 (9.146094699%),-5,193 (7.810602995%),-1,167 (6.758397410%),-2,159 (6.434641845%),-13,123 (4.977741805%),-4,117 (4.734925132%),-6,78 (3.156616754%),-3,73 (2.954269527%),-8,44 (1.780655605%),-25,41 (1.659247268%),-26,35 (1.416430595%),-18,34 (1.375961149%),-24,33 (1.335491704%),2,32 (1.295022258%),-15,31 (1.254552813%),-19,30 (1.214083367%),-11,29 (1.173613921%),-21,29 (1.173613921%),-17,28 (1.133144476%),-14,27 (1.092675030%),-52,22 (0.890327803%),-10,21 (0.849858357%),-32,21 (0.849858357%),-42,21 (0.849858357%),-16,20 (0.809388911%),-27,19 (0.768919466%),-7,19 (0.768919466%),-105,14 (0.566572238%),-22,13 (0.526102792%),-9,12 (0.485633347%),-43,11 (0.445163901%),-20,10 (0.404694456%),-29,9 (0.364225010%),-34,8 (0.323755565%),-33,8 (0.323755565%),-35,8 (0.323755565%),-23,7 (0.283286119%),4,6 (0.242816673%),6,6 (0.242816673%),-84,6 (0.242816673%),33,5 (0.202347228%),-49,5 (0.202347228%),-28,5 (0.202347228%),-64,5 (0.202347228%),-81,5 (0.202347228%),-58,4 (0.161877782%),42,4 (0.161877782%),-109,3 (0.121408337%),-38,3 (0.121408337%),48,3 (0.121408337%),21,3 (0.121408337%),17,3 (0.121408337%),89,3 (0.121408337%),3,3 (0.121408337%),-39,3 (0.121408337%),104,3 (0.121408337%),-67,3 (0.121408337%),-44,2 (0.080938891%),56,2 (0.080938891%),-46,2 (0.080938891%),11,2 (0.080938891%),68,2 (0.080938891%),-31,2 (0.080938891%),-97,2 (0.080938891%),88,2 (0.080938891%),30,2 (0.080938891%),5,2 (0.080938891%),-50,2 (0.080938891%),87,2 (0.080938891%),32,1 (0.040469446%),59,1 (0.040469446%),126,1 (0.040469446%),-30,1 (0.040469446%),41,1 (0.040469446%),-45,1 (0.040469446%),118,1 (0.040469446%),117,1 (0.040469446%),29,1 (0.040469446%),-111,1 (0.040469446%),106,1 (0.040469446%),NA,,NA,,NA,,NA,,NA,,NA,,NA,,NA,,NA,,NA,,NA,,NA,,NA,,NA,,NA,,NA,,NA,,NA,,NA,,NA,,NA,,NA,,NA,,NA,,NA,,NA,,NA,,NA,,NA,,NA,,NA,,NA,,NA,,NA,,NA,,NA,,NA,,NA,,NA,,NA,,NA,,NA,,NA,,NA,,NA,,NA,,NA,,NA,,NA,,NA,,NA,,NA,,NA,,NA,,NA,,NA,,NA,,NA,,NA,,NA,,NA,,NA,,NA,,NA,,NA,,NA,,NA,,NA,,NA,,NA,,NA,,NA,,NA,,NA,,NA,,NA,,NA,,NA,,NA,,NA,,NA,,NA,,NA,,NA,,NA,,NA,,NA,,NA,,NA,,NA,,NA,,NA,,NA,,NA,,NA,,NA,,NA,,NA,,NA,,NA,,NA,,NA,,NA,,NA,,NA,,NA,,NA,,NA,,NA,,NA,,NA,,NA,,NA,,NA,,NA,,NA,,NA,,NA,,1,2007 (1.019817073),9.15,27.2,63.66,79.64386888,7.446377985,7.446377985
Miller-Plate62-B01,d7_g14,1969,643 (32.656170645%),623 (31.640426612%),630 (31.995937024%),69.63%,0,598 (30.370746572%),-5,391 (19.857795835%),-6,182 (9.243270696%),-4,108 (5.485017776%),-1,89 (4.520060945%),-7,80 (4.062976130%),-8,72 (3.656678517%),-2,66 (3.351955307%),-3,66 (3.351955307%),-17,52 (2.640934485%),-12,50 (2.539360081%),-9,48 (2.437785678%),-21,18 (0.914169629%),1,16 (0.812595226%),-10,15 (0.761808024%),-13,14 (0.711020823%),-18,11 (0.558659218%),-16,7 (0.355510411%),3,7 (0.355510411%),-14,6 (0.304723210%),-22,5 (0.253936008%),2,5 (0.253936008%),-26,4 (0.203148807%),-25,4 (0.203148807%),-11,4 (0.203148807%),-41,4 (0.203148807%),-15,3 (0.152361605%),-36,3 (0.152361605%),-78,3 (0.152361605%),-71,2 (0.101574403%),-34,2 (0.101574403%),-37,2 (0.101574403%),-45,2 (0.101574403%),-24,2 (0.101574403%),5,2 (0.101574403%),-19,2 (0.101574403%),-29,2 (0.101574403%),-44,2 (0.101574403%),-30,1 (0.050787202%),-62,1 (0.050787202%),-31,1 (0.050787202%),-52,1 (0.050787202%),-38,1 (0.050787202%),-40,1 (0.050787202%),-20,1 (0.050787202%),-46,1 (0.050787202%),-54,1 (0.050787202%),-48,1 (0.050787202%),-23,1 (0.050787202%),-33,1 (0.050787202%),12,1 (0.050787202%),-123,1 (0.050787202%),6,1 (0.050787202%),29,1 (0.050787202%),-35,1 (0.050787202%),-156,1 (0.050787202%),4,1 (0.050787202%),-146,1 (0.050787202%),NA,,NA,,NA,,NA,,NA,,NA,,NA,,NA,,NA,,NA,,NA,,NA,,NA,,NA,,NA,,NA,,NA,,NA,,NA,,NA,,NA,,NA,,NA,,NA,,NA,,NA,,NA,,NA,,NA,,NA,,NA,,NA,,NA,,NA,,NA,,NA,,NA,,NA,,NA,,NA,,NA,,NA,,NA,,NA,,NA,,NA,,NA,,NA,,NA,,NA,,NA,,NA,,NA,,NA,,NA,,NA,,NA,,NA,,NA,,NA,,NA,,NA,,NA,,NA,,NA,,NA,,NA,,NA,,NA,,NA,,NA,,NA,,NA,,NA,,NA,,NA,,NA,,NA,,NA,,NA,,NA,,NA,,NA,,NA,,NA,,NA,,NA,,NA,,NA,,NA,,NA,,NA,,NA,,NA,,NA,,NA,,NA,,NA,,NA,,NA,,NA,,NA,,NA,,NA,,NA,,NA,,NA,,NA,,NA,,NA,,NA,,NA,,NA,,NA,,NA,,NA,,NA,,NA,,NA,,NA,,NA,,NA,,NA,,NA,,NA,,NA,,NA,,NA,,NA,,NA,,NA,,NA,,NA,,NA,,NA,,NA,,NA,,NA,,NA,,NA,,NA,,NA,,1.011094302,655 (1.018662519),30.37,20.47,49.16,32.65617065,31.64042661,31.99593702
Miller-Plate62-B03,d7_g5,2964,2175 (73.380566802%),117 (3.947368421%),117 (3.947368421%),94.91%,-1,323 (10.897435897%),-12,320 (10.796221323%),1,239 (8.063427800%),-2,225 (7.591093117%),-4,176 (5.937921727%),-13,174 (5.870445344%),-5,167 (5.634278003%),0,151 (5.094466937%),-3,107 (3.609986505%),-8,76 (2.564102564%),-6,75 (2.530364372%),-10,67 (2.260458839%),-18,41 (1.383265857%),2,37 (1.248313090%),-26,35 (1.180836707%),-15,35 (1.180836707%),-24,35 (1.180836707%),-7,33 (1.113360324%),-11,32 (1.079622132%),-25,32 (1.079622132%),-19,31 (1.045883941%),-27,29 (0.978407557%),-17,28 (0.944669366%),-21,26 (0.877192982%),-107,24 (0.809716599%),-22,23 (0.775978408%),-28,22 (0.742240216%),-52,21 (0.708502024%),-63,20 (0.674763833%),-14,20 (0.674763833%),5,18 (0.607287449%),-71,14 (0.472334683%),-37,14 (0.472334683%),-16,13 (0.438596491%),-45,12 (0.404858300%),-115,12 (0.404858300%),-33,11 (0.371120108%),-81,11 (0.371120108%),-51,10 (0.337381916%),-36,9 (0.303643725%),-38,9 (0.303643725%),-42,9 (0.303643725%),-62,9 (0.303643725%),-9,9 (0.303643725%),-20,8 (0.269905533%),-166,8 (0.269905533%),-49,8 (0.269905533%),-32,7 (0.236167341%),-53,7 (0.236167341%),-82,7 (0.236167341%),-111,7 (0.236167341%),3,7 (0.236167341%),-29,7 (0.236167341%),-70,6 (0.202429150%),-44,6 (0.202429150%),-74,6 (0.202429150%),-144,5 (0.168690958%),-59,5 (0.168690958%),-23,5 (0.168690958%),-112,4 (0.134952767%),-31,4 (0.134952767%),-57,4 (0.134952767%),-148,4 (0.134952767%),15,4 (0.134952767%),4,4 (0.134952767%),-43,3 (0.101214575%),-61,3 (0.101214575%),43,3 (0.101214575%),81,3 (0.101214575%),-39,3 (0.101214575%),-75,2 (0.067476383%),-69,2 (0.067476383%),12,2 (0.067476383%),97,2 (0.067476383%),-56,2 (0.067476383%),40,2 (0.067476383%),-30,2 (0.067476383%),-66,2 (0.067476383%),-153,2 (0.067476383%),16,1 (0.033738192%),-154,1 (0.033738192%),13,1 (0.033738192%),-129,1 (0.033738192%),60,1 (0.033738192%),10,1 (0.033738192%),-47,1 (0.033738192%),-46,1 (0.033738192%),80,1 (0.033738192%),103,1 (0.033738192%),77,1 (0.033738192%),6,1 (0.033738192%),20,1 (0.033738192%),-41,1 (0.033738192%),-48,1 (0.033738192%),78,1 (0.033738192%),63,1 (0.033738192%),17,1 (0.033738192%),28,1 (0.033738192%),-90,1 (0.033738192%),8,1 (0.033738192%),25,1 (0.033738192%),120,1 (0.033738192%),9,1 (0.033738192%),NA,,NA,,NA,,NA,,NA,,NA,,NA,,NA,,NA,,NA,,NA,,NA,,NA,,NA,,NA,,NA,,NA,,NA,,NA,,NA,,NA,,NA,,NA,,NA,,NA,,NA,,NA,,NA,,NA,,NA,,NA,,NA,,NA,,NA,,NA,,NA,,NA,,NA,,NA,,NA,,NA,,NA,,NA,,NA,,NA,,NA,,NA,,NA,,NA,,NA,,NA,,NA,,NA,,NA,,NA,,NA,,NA,,NA,,NA,,NA,,NA,,NA,,NA,,NA,,NA,,NA,,NA,,NA,,NA,,NA,,NA,,NA,,NA,,NA,,NA,,NA,,NA,,NA,,NA,,NA,,NA,,NA,,NA,,NA,,NA,,NA,,NA,,NA,,NA,,NA,,NA,,NA,,NA,,NA,,NA,,NA,,NA,,0.997356246,2207 (1.014712644),5.09,27.43,67.48,73.3805668,3.947368421,3.947368421
Miller-Plate62-B04,d7_g6,2470,1862 (75.384615385%),128 (5.182186235%),128 (5.182186235%),93.12%,1,336 (13.603238866%),-5,227 (9.190283401%),-12,202 (8.178137652%),0,170 (6.882591093%),-1,162 (6.558704453%),-13,136 (5.506072874%),-4,116 (4.696356275%),-2,111 (4.493927126%),-6,75 (3.036437247%),-24,74 (2.995951417%),-26,63 (2.550607287%),-11,55 (2.226720648%),-17,52 (2.105263158%),-25,49 (1.983805668%),-14,47 (1.902834008%),-3,45 (1.821862348%),-10,37 (1.497975709%),-19,34 (1.376518219%),-27,33 (1.336032389%),-7,32 (1.295546559%),-18,31 (1.255060729%),2,26 (1.052631579%),-8,25 (1.012145749%),-20,20 (0.809716599%),-35,16 (0.647773279%),-23,16 (0.647773279%),-15,14 (0.566801619%),-9,13 (0.526315789%),-21,13 (0.526315789%),-108,13 (0.526315789%),-105,12 (0.485829960%),-87,11 (0.445344130%),-16,11 (0.445344130%),-42,9 (0.364372470%),-148,9 (0.364372470%),-28,9 (0.364372470%),-22,7 (0.283400810%),3,7 (0.283400810%),-49,7 (0.283400810%),-33,7 (0.283400810%),-41,6 (0.242914980%),8,6 (0.242914980%),-57,5 (0.202429150%),-29,5 (0.202429150%),-113,5 (0.202429150%),4,5 (0.202429150%),-100,5 (0.202429150%),-98,5 (0.202429150%),-38,5 (0.202429150%),-31,5 (0.202429150%),-45,4 (0.161943320%),-48,4 (0.161943320%),-74,4 (0.161943320%),-32,4 (0.161943320%),-65,3 (0.121457490%),11,3 (0.121457490%),14,3 (0.121457490%),118,3 (0.121457490%),-117,3 (0.121457490%),-146,3 (0.121457490%),-37,3 (0.121457490%),-110,3 (0.121457490%),-51,3 (0.121457490%),-36,3 (0.121457490%),75,3 (0.121457490%),-43,2 (0.080971660%),6,2 (0.080971660%),-39,2 (0.080971660%),-60,2 (0.080971660%),106,2 (0.080971660%),-30,2 (0.080971660%),22,2 (0.080971660%),9,2 (0.080971660%),-112,2 (0.080971660%),-47,2 (0.080971660%),88,2 (0.080971660%),5,2 (0.080971660%),7,2 (0.080971660%),-53,2 (0.080971660%),-34,1 (0.040485830%),-153,1 (0.040485830%),50,1 (0.040485830%),66,1 (0.040485830%),27,1 (0.040485830%),56,1 (0.040485830%),-99,1 (0.040485830%),-66,1 (0.040485830%),-71,1 (0.040485830%),NA,,NA,,NA,,NA,,NA,,NA,,NA,,NA,,NA,,NA,,NA,,NA,,NA,,NA,,NA,,NA,,NA,,NA,,NA,,NA,,NA,,NA,,NA,,NA,,NA,,NA,,NA,,NA,,NA,,NA,,NA,,NA,,NA,,NA,,NA,,NA,,NA,,NA,,NA,,NA,,NA,,NA,,NA,,NA,,NA,,NA,,NA,,NA,,NA,,NA,,NA,,NA,,NA,,NA,,NA,,NA,,NA,,NA,,NA,,NA,,NA,,NA,,NA,,NA,,NA,,NA,,NA,,NA,,NA,,NA,,NA,,NA,,NA,,NA,,NA,,NA,,NA,,NA,,NA,,NA,,NA,,NA,,NA,,NA,,NA,,NA,,NA,,NA,,NA,,NA,,NA,,NA,,NA,,NA,,NA,,NA,,NA,,NA,,NA,,NA,,NA,,NA,,NA,,NA,,NA,,NA,,NA,,NA,,NA,,NA,,NA,,NA,,0.997626582,1897 (1.018796992),6.88,24.25,68.87,75.38461539,5.182186235,5.182186235
Miller-Plate62-C01,d14_g14,2674,896 (33.507853403%),871 (32.572924458%),877 (32.797307405%),69.52%,0,815 (30.478683620%),-5,603 (22.550486163%),-6,222 (8.302169035%),-4,147 (5.497382199%),-1,112 (4.188481675%),-7,103 (3.851907255%),-12,81 (3.029169783%),-8,73 (2.729992521%),-3,73 (2.729992521%),-9,68 (2.543006731%),-2,67 (2.505609574%),-17,61 (2.281226627%),-10,31 (1.159311892%),1,27 (1.009723261%),-13,18 (0.673148841%),-14,17 (0.635751683%),-21,16 (0.598354525%),-22,12 (0.448765894%),3,12 (0.448765894%),-11,11 (0.411368736%),-15,10 (0.373971578%),-16,9 (0.336574420%),2,8 (0.299177263%),-18,8 (0.299177263%),5,7 (0.261780105%),-25,7 (0.261780105%),-23,5 (0.186985789%),4,5 (0.186985789%),-62,5 (0.186985789%),-41,5 (0.186985789%),-24,3 (0.112191473%),-43,3 (0.112191473%),-28,2 (0.074794316%),-33,2 (0.074794316%),-45,2 (0.074794316%),-26,2 (0.074794316%),6,2 (0.074794316%),-37,2 (0.074794316%),-61,1 (0.037397158%),111,1 (0.037397158%),108,1 (0.037397158%),107,1 (0.037397158%),-77,1 (0.037397158%),13,1 (0.037397158%),-35,1 (0.037397158%),-44,1 (0.037397158%),-20,1 (0.037397158%),-146,1 (0.037397158%),-87,1 (0.037397158%),-63,1 (0.037397158%),-30,1 (0.037397158%),16,1 (0.037397158%),-19,1 (0.037397158%),-156,1 (0.037397158%),-34,1 (0.037397158%),7,1 (0.037397158%),NA,,NA,,NA,,NA,,NA,,NA,,NA,,NA,,NA,,NA,,NA,,NA,,NA,,NA,,NA,,NA,,NA,,NA,,NA,,NA,,NA,,NA,,NA,,NA,,NA,,NA,,NA,,NA,,NA,,NA,,NA,,NA,,NA,,NA,,NA,,NA,,NA,,NA,,NA,,NA,,NA,,NA,,NA,,NA,,NA,,NA,,NA,,NA,,NA,,NA,,NA,,NA,,NA,,NA,,NA,,NA,,NA,,NA,,NA,,NA,,NA,,NA,,NA,,NA,,NA,,NA,,NA,,NA,,NA,,NA,,NA,,NA,,NA,,NA,,NA,,NA,,NA,,NA,,NA,,NA,,NA,,NA,,NA,,NA,,NA,,NA,,NA,,NA,,NA,,NA,,NA,,NA,,NA,,NA,,NA,,NA,,NA,,NA,,NA,,NA,,NA,,NA,,NA,,NA,,NA,,NA,,NA,,NA,,NA,,NA,,NA,,NA,,NA,,NA,,NA,,NA,,NA,,NA,,NA,,NA,,NA,,NA,,NA,,NA,,NA,,NA,,NA,,NA,,NA,,NA,,NA,,NA,,NA,,NA,,NA,,NA,,NA,,NA,,NA,,NA,,NA,,NA,,NA,,NA,,1.01293422,915 (1.021205357),30.48,18.89,50.64,33.5078534,32.57292446,32.79730741
Miller-Plate62-C03,d14_g5,1896,1247 (65.770042194%),44 (2.320675105%),43 (2.267932489%),95.94%,-12,251 (13.238396624%),-1,134 (7.067510549%),-13,126 (6.645569620%),-5,120 (6.329113924%),1,119 (6.276371308%),-2,113 (5.959915612%),-4,101 (5.327004219%),0,77 (4.061181435%),-6,63 (3.322784810%),-166,56 (2.953586498%),-3,50 (2.637130802%),-8,34 (1.793248945%),-11,33 (1.740506329%),-26,33 (1.740506329%),-21,32 (1.687763713%),-27,25 (1.318565401%),-10,24 (1.265822785%),-115,23 (1.213080169%),-24,22 (1.160337553%),-25,22 (1.160337553%),-14,19 (1.002109705%),-37,16 (0.843881857%),-19,16 (0.843881857%),-7,16 (0.843881857%),-18,15 (0.791139241%),-20,15 (0.791139241%),2,15 (0.791139241%),-40,14 (0.738396624%),-61,14 (0.738396624%),-105,13 (0.685654008%),-41,13 (0.685654008%),-52,13 (0.685654008%),5,12 (0.632911392%),-17,12 (0.632911392%),-15,12 (0.632911392%),-45,11 (0.580168776%),-9,11 (0.580168776%),-48,10 (0.527426160%),-44,10 (0.527426160%),-36,10 (0.527426160%),-32,9 (0.474683544%),-22,9 (0.474683544%),-38,8 (0.421940928%),-33,8 (0.421940928%),-49,8 (0.421940928%),-39,7 (0.369198312%),-43,7 (0.369198312%),-114,6 (0.316455696%),-179,5 (0.263713080%),-53,5 (0.263713080%),-97,4 (0.210970464%),3,4 (0.210970464%),-125,4 (0.210970464%),-46,4 (0.210970464%),4,4 (0.210970464%),-111,4 (0.210970464%),6,4 (0.210970464%),-122,4 (0.210970464%),-95,4 (0.210970464%),-16,4 (0.210970464%),-62,3 (0.158227848%),-47,3 (0.158227848%),-42,3 (0.158227848%),-30,3 (0.158227848%),-75,3 (0.158227848%),-51,3 (0.158227848%),-50,3 (0.158227848%),-107,3 (0.158227848%),28,3 (0.158227848%),-58,3 (0.158227848%),-98,3 (0.158227848%),-87,3 (0.158227848%),-23,2 (0.105485232%),-59,2 (0.105485232%),15,2 (0.105485232%),-63,1 (0.052742616%),7,1 (0.052742616%),-71,1 (0.052742616%),-77,1 (0.052742616%),-34,1 (0.052742616%),-29,1 (0.052742616%),-99,1 (0.052742616%),-72,1 (0.052742616%),-66,1 (0.052742616%),97,1 (0.052742616%),-74,1 (0.052742616%),-90,1 (0.052742616%),-56,1 (0.052742616%),-142,1 (0.052742616%),10,1 (0.052742616%),-73,1 (0.052742616%),-35,1 (0.052742616%),NA,,NA,,NA,,NA,,NA,,NA,,NA,,NA,,NA,,NA,,NA,,NA,,NA,,NA,,NA,,NA,,NA,,NA,,NA,,NA,,NA,,NA,,NA,,NA,,NA,,NA,,NA,,NA,,NA,,NA,,NA,,NA,,NA,,NA,,NA,,NA,,NA,,NA,,NA,,NA,,NA,,NA,,NA,,NA,,NA,,NA,,NA,,NA,,NA,,NA,,NA,,NA,,NA,,NA,,NA,,NA,,NA,,NA,,NA,,NA,,NA,,NA,,NA,,NA,,NA,,NA,,NA,,NA,,NA,,NA,,NA,,NA,,NA,,NA,,NA,,NA,,NA,,NA,,NA,,NA,,NA,,NA,,NA,,NA,,NA,,NA,,NA,,NA,,NA,,NA,,NA,,NA,,NA,,NA,,NA,,NA,,NA,,NA,,NA,,NA,,NA,,NA,,NA,,NA,,NA,,NA,,NA,,NA,,0.916666667,1272 (1.020048115),4.06,30.59,65.35,65.77004219,2.320675105,2.267932489
Miller-Plate62-C04,d14_g6,2740,2029 (74.051094891%),194 (7.080291971%),194 (7.080291971%),91.90%,1,363 (13.248175182%),0,222 (8.102189781%),-12,220 (8.029197080%),-5,179 (6.532846715%),-2,153 (5.583941606%),-13,149 (5.437956204%),-1,149 (5.437956204%),-4,146 (5.328467153%),-6,83 (3.029197080%),-7,82 (2.992700730%),-3,76 (2.773722628%),-25,69 (2.518248175%),-117,68 (2.481751825%),-14,66 (2.408759124%),-18,61 (2.226277372%),-11,56 (2.043795620%),-10,48 (1.751824818%),-26,47 (1.715328467%),-27,38 (1.386861314%),-17,38 (1.386861314%),-24,35 (1.277372263%),-8,32 (1.167883212%),-19,29 (1.058394161%),-20,28 (1.021897810%),-74,24 (0.875912409%),-113,18 (0.656934307%),-9,17 (0.620437956%),-21,17 (0.620437956%),-28,16 (0.583941606%),-189,15 (0.547445255%),2,15 (0.547445255%),-15,13 (0.474452555%),8,13 (0.474452555%),-48,12 (0.437956204%),-119,8 (0.291970803%),-153,8 (0.291970803%),4,8 (0.291970803%),-105,7 (0.255474453%),3,7 (0.255474453%),-33,7 (0.255474453%),-71,6 (0.218978102%),5,6 (0.218978102%),-22,6 (0.218978102%),-32,5 (0.182481752%),-38,5 (0.182481752%),-37,4 (0.145985401%),-29,4 (0.145985401%),-49,4 (0.145985401%),-108,4 (0.145985401%),-31,4 (0.145985401%),-51,4 (0.145985401%),-35,3 (0.109489051%),-180,3 (0.109489051%),-146,3 (0.109489051%),-23,3 (0.109489051%),-16,3 (0.109489051%),-34,3 (0.109489051%),-45,3 (0.109489051%),-109,2 (0.072992701%),13,2 (0.072992701%),-46,2 (0.072992701%),-42,2 (0.072992701%),-41,2 (0.072992701%),-58,2 (0.072992701%),25,2 (0.072992701%),7,1 (0.036496350%),-98,1 (0.036496350%),-62,1 (0.036496350%),74,1 (0.036496350%),55,1 (0.036496350%),9,1 (0.036496350%),35,1 (0.036496350%),-40,1 (0.036496350%),64,1 (0.036496350%),27,1 (0.036496350%),-39,1 (0.036496350%),NA,,NA,,NA,,NA,,NA,,NA,,NA,,NA,,NA,,NA,,NA,,NA,,NA,,NA,,NA,,NA,,NA,,NA,,NA,,NA,,NA,,NA,,NA,,NA,,NA,,NA,,NA,,NA,,NA,,NA,,NA,,NA,,NA,,NA,,NA,,NA,,NA,,NA,,NA,,NA,,NA,,NA,,NA,,NA,,NA,,NA,,NA,,NA,,NA,,NA,,NA,,NA,,NA,,NA,,NA,,NA,,NA,,NA,,NA,,NA,,NA,,NA,,NA,,NA,,NA,,NA,,NA,,NA,,NA,,NA,,NA,,NA,,NA,,NA,,NA,,NA,,NA,,NA,,NA,,NA,,NA,,NA,,NA,,NA,,NA,,NA,,NA,,NA,,NA,,NA,,NA,,NA,,NA,,NA,,NA,,NA,,NA,,NA,,NA,,NA,,NA,,NA,,NA,,NA,,NA,,NA,,NA,,NA,,NA,,NA,,NA,,NA,,NA,,NA,,NA,,NA,,NA,,NA,,NA,,NA,,NA,,NA,,NA,,NA,,0.996783417,2075 (1.022671267),8.1,25.66,66.24,74.05109489,7.080291971,7.080291971
Miller-Plate62-D01,d21_g14,2370,675 (28.481012658%),656 (27.679324895%),663 (27.974683544%),73.08%,0,638 (26.919831224%),-5,500 (21.097046414%),-6,192 (8.101265823%),-7,134 (5.654008439%),-4,115 (4.852320675%),-3,100 (4.219409283%),-12,94 (3.966244726%),-1,91 (3.839662447%),-2,72 (3.037974684%),-8,69 (2.911392405%),-9,69 (2.911392405%),-17,56 (2.362869198%),-13,35 (1.476793249%),-10,29 (1.223628692%),-21,24 (1.012658228%),1,19 (0.801687764%),-14,16 (0.675105485%),-22,13 (0.548523207%),-11,13 (0.548523207%),-57,8 (0.337552743%),-26,7 (0.295358650%),2,7 (0.295358650%),3,6 (0.253164557%),-24,6 (0.253164557%),-16,5 (0.210970464%),-18,5 (0.210970464%),5,5 (0.210970464%),-32,4 (0.168776371%),-23,4 (0.168776371%),-39,3 (0.126582278%),-48,3 (0.126582278%),-20,3 (0.126582278%),-40,2 (0.084388186%),-27,2 (0.084388186%),-79,2 (0.084388186%),-146,2 (0.084388186%),-19,1 (0.042194093%),-25,1 (0.042194093%),-15,1 (0.042194093%),14,1 (0.042194093%),-29,1 (0.042194093%),-50,1 (0.042194093%),-28,1 (0.042194093%),-51,1 (0.042194093%),13,1 (0.042194093%),-34,1 (0.042194093%),4,1 (0.042194093%),-43,1 (0.042194093%),9,1 (0.042194093%),-46,1 (0.042194093%),-38,1 (0.042194093%),-71,1 (0.042194093%),7,1 (0.042194093%),NA,,NA,,NA,,NA,,NA,,NA,,NA,,NA,,NA,,NA,,NA,,NA,,NA,,NA,,NA,,NA,,NA,,NA,,NA,,NA,,NA,,NA,,NA,,NA,,NA,,NA,,NA,,NA,,NA,,NA,,NA,,NA,,NA,,NA,,NA,,NA,,NA,,NA,,NA,,NA,,NA,,NA,,NA,,NA,,NA,,NA,,NA,,NA,,NA,,NA,,NA,,NA,,NA,,NA,,NA,,NA,,NA,,NA,,NA,,NA,,NA,,NA,,NA,,NA,,NA,,NA,,NA,,NA,,NA,,NA,,NA,,NA,,NA,,NA,,NA,,NA,,NA,,NA,,NA,,NA,,NA,,NA,,NA,,NA,,NA,,NA,,NA,,NA,,NA,,NA,,NA,,NA,,NA,,NA,,NA,,NA,,NA,,NA,,NA,,NA,,NA,,NA,,NA,,NA,,NA,,NA,,NA,,NA,,NA,,NA,,NA,,NA,,NA,,NA,,NA,,NA,,NA,,NA,,NA,,NA,,NA,,NA,,NA,,NA,,NA,,NA,,NA,,NA,,NA,,NA,,NA,,NA,,NA,,NA,,NA,,NA,,NA,,NA,,NA,,NA,,NA,,NA,,NA,,NA,,NA,,NA,,NA,,1.020493517,684 (1.013333333),26.92,21.73,51.35,28.48101266,27.6793249,27.97468354
Miller-Plate62-D03,d21_g5,2657,1909 (71.847948814%),62 (2.333458788%),62 (2.333458788%),96.31%,-12,348 (13.097478359%),-1,260 (9.785472337%),1,215 (8.091832894%),-13,199 (7.489649981%),-2,166 (6.247647723%),-5,145 (5.457282650%),-4,117 (4.403462552%),-3,105 (3.951825367%),0,98 (3.688370342%),-6,95 (3.575461046%),-10,54 (2.032367332%),-8,51 (1.919458035%),2,49 (1.844185171%),-11,42 (1.580730147%),-25,41 (1.543093715%),-24,40 (1.505457283%),-21,36 (1.354911554%),-14,35 (1.317275122%),-15,30 (1.129092962%),-48,28 (1.053820098%),-40,25 (0.940910802%),-7,23 (0.865637938%),-22,21 (0.790365073%),-41,21 (0.790365073%),-19,21 (0.790365073%),-37,20 (0.752728641%),-9,20 (0.752728641%),-18,17 (0.639819345%),-105,16 (0.602182913%),-23,16 (0.602182913%),-17,15 (0.564546481%),-125,15 (0.564546481%),-16,13 (0.489273617%),-26,13 (0.489273617%),-43,12 (0.451637185%),-97,12 (0.451637185%),5,11 (0.414000753%),-36,10 (0.376364321%),-39,9 (0.338727889%),-61,9 (0.338727889%),-33,9 (0.338727889%),-20,9 (0.338727889%),-103,9 (0.338727889%),-46,9 (0.338727889%),-42,9 (0.338727889%),-73,8 (0.301091457%),4,8 (0.301091457%),-32,8 (0.301091457%),-71,8 (0.301091457%),-38,8 (0.301091457%),15,7 (0.263455024%),-179,6 (0.225818592%),-166,5 (0.188182160%),-52,5 (0.188182160%),-90,5 (0.188182160%),-28,5 (0.188182160%),28,4 (0.150545728%),-27,4 (0.150545728%),3,4 (0.150545728%),-63,3 (0.112909296%),-45,3 (0.112909296%),-95,3 (0.112909296%),-51,3 (0.112909296%),-44,3 (0.112909296%),-114,3 (0.112909296%),-111,2 (0.075272864%),-66,2 (0.075272864%),6,2 (0.075272864%),-35,2 (0.075272864%),11,2 (0.075272864%),-49,2 (0.075272864%),-173,2 (0.075272864%),-75,2 (0.075272864%),113,2 (0.075272864%),-87,2 (0.075272864%),-50,1 (0.037636432%),-74,1 (0.037636432%),-72,1 (0.037636432%),-153,1 (0.037636432%),-99,1 (0.037636432%),100,1 (0.037636432%),103,1 (0.037636432%),-30,1 (0.037636432%),-58,1 (0.037636432%),-31,1 (0.037636432%),-77,1 (0.037636432%),78,1 (0.037636432%),29,1 (0.037636432%),-107,1 (0.037636432%),-47,1 (0.037636432%),-115,1 (0.037636432%),NA,,NA,,NA,,NA,,NA,,NA,,NA,,NA,,NA,,NA,,NA,,NA,,NA,,NA,,NA,,NA,,NA,,NA,,NA,,NA,,NA,,NA,,NA,,NA,,NA,,NA,,NA,,NA,,NA,,NA,,NA,,NA,,NA,,NA,,NA,,NA,,NA,,NA,,NA,,NA,,NA,,NA,,NA,,NA,,NA,,NA,,NA,,NA,,NA,,NA,,NA,,NA,,NA,,NA,,NA,,NA,,NA,,NA,,NA,,NA,,NA,,NA,,NA,,NA,,NA,,NA,,NA,,NA,,NA,,NA,,NA,,NA,,NA,,NA,,NA,,NA,,NA,,NA,,NA,,NA,,NA,,NA,,NA,,NA,,NA,,NA,,NA,,NA,,NA,,NA,,NA,,NA,,NA,,NA,,NA,,NA,,NA,,NA,,NA,,NA,,NA,,NA,,NA,,NA,,NA,,NA,,NA,,NA,,NA,,0.974025974,1937 (1.014667365),3.69,30.82,65.49,71.84794881,2.333458788,2.333458788
Miller-Plate62-D04,d21_g6,2355,1399 (59.405520170%),65 (2.760084926%),65 (2.760084926%),96.31%,-117,314 (13.333333333%),1,233 (9.893842887%),-12,184 (7.813163482%),-5,143 (6.072186837%),-4,124 (5.265392781%),-2,116 (4.925690021%),-13,110 (4.670912951%),-1,101 (4.288747346%),-25,90 (3.821656051%),0,87 (3.694267516%),-26,67 (2.845010616%),-6,64 (2.717622081%),-24,59 (2.505307856%),-3,58 (2.462845011%),-189,58 (2.462845011%),-14,54 (2.292993631%),-74,47 (1.995753715%),-113,44 (1.868365180%),-11,36 (1.528662420%),-7,36 (1.528662420%),-18,33 (1.401273885%),-10,29 (1.231422505%),-20,26 (1.104033970%),-27,26 (1.104033970%),-8,20 (0.849256900%),-45,13 (0.552016985%),-21,12 (0.509554140%),-38,12 (0.509554140%),-19,11 (0.467091295%),-17,11 (0.467091295%),-16,10 (0.424628450%),2,10 (0.424628450%),4,10 (0.424628450%),-153,7 (0.297239915%),-100,7 (0.297239915%),-15,7 (0.297239915%),5,5 (0.212314225%),-33,5 (0.212314225%),-28,5 (0.212314225%),-9,5 (0.212314225%),8,5 (0.212314225%),-108,5 (0.212314225%),-62,5 (0.212314225%),-35,5 (0.212314225%),-43,5 (0.212314225%),-22,4 (0.169851380%),-31,4 (0.169851380%),-98,3 (0.127388535%),-146,3 (0.127388535%),-118,2 (0.084925690%),-119,2 (0.084925690%),3,2 (0.084925690%),13,2 (0.084925690%),-58,2 (0.084925690%),-30,2 (0.084925690%),-29,2 (0.084925690%),-23,2 (0.084925690%),-71,2 (0.084925690%),-42,2 (0.084925690%),12,1 (0.042462845%),-37,1 (0.042462845%),-48,1 (0.042462845%),-114,1 (0.042462845%),-51,1 (0.042462845%),-36,1 (0.042462845%),-46,1 (0.042462845%),NA,,NA,,NA,,NA,,NA,,NA,,NA,,NA,,NA,,NA,,NA,,NA,,NA,,NA,,NA,,NA,,NA,,NA,,NA,,NA,,NA,,NA,,NA,,NA,,NA,,NA,,NA,,NA,,NA,,NA,,NA,,NA,,NA,,NA,,NA,,NA,,NA,,NA,,NA,,NA,,NA,,NA,,NA,,NA,,NA,,NA,,NA,,NA,,NA,,NA,,NA,,NA,,NA,,NA,,NA,,NA,,NA,,NA,,NA,,NA,,NA,,NA,,NA,,NA,,NA,,NA,,NA,,NA,,NA,,NA,,NA,,NA,,NA,,NA,,NA,,NA,,NA,,NA,,NA,,NA,,NA,,NA,,NA,,NA,,NA,,NA,,NA,,NA,,NA,,NA,,NA,,NA,,NA,,NA,,NA,,NA,,NA,,NA,,NA,,NA,,NA,,NA,,NA,,NA,,NA,,NA,,NA,,NA,,NA,,NA,,NA,,NA,,NA,,NA,,NA,,NA,,NA,,NA,,NA,,NA,,NA,,NA,,NA,,NA,,NA,,NA,,NA,,NA,,NA,,NA,,NA,,NA,,NA,,NA,,1.003352892,1423 (1.017155111),3.69,36.56,59.75,59.40552017,2.760084926,2.760084926
Miller-Plate62-E01,d28_g14,3066,839 (27.364644488%),811 (26.451402479%),818 (26.679712981%),73.91%,0,800 (26.092628832%),-5,691 (22.537508154%),-6,278 (9.067188519%),-4,159 (5.185909980%),-7,152 (4.957599478%),-1,126 (4.109589041%),-8,104 (3.392041748%),-12,97 (3.163731246%),-3,83 (2.707110241%),-9,78 (2.544031311%),-2,66 (2.152641879%),-21,59 (1.924331376%),-17,56 (1.826484018%),-13,36 (1.174168297%),-14,36 (1.174168297%),1,29 (0.945857795%),-10,27 (0.880626223%),-22,20 (0.652315721%),-11,15 (0.489236791%),-18,13 (0.424005219%),2,12 (0.391389432%),-24,11 (0.358773646%),-32,10 (0.326157860%),3,10 (0.326157860%),-39,10 (0.326157860%),-16,9 (0.293542074%),-15,9 (0.293542074%),-23,7 (0.228310502%),-26,6 (0.195694716%),-43,5 (0.163078930%),-46,5 (0.163078930%),4,4 (0.130463144%),-47,4 (0.130463144%),-34,4 (0.130463144%),-52,4 (0.130463144%),-25,4 (0.130463144%),5,4 (0.130463144%),-40,3 (0.097847358%),-38,3 (0.097847358%),-19,3 (0.097847358%),-45,2 (0.065231572%),-48,2 (0.065231572%),86,2 (0.065231572%),-20,2 (0.065231572%),15,1 (0.032615786%),-33,1 (0.032615786%),-29,1 (0.032615786%),-41,1 (0.032615786%),-57,1 (0.032615786%),-85,1 (0.032615786%),NA,,NA,,NA,,NA,,NA,,NA,,NA,,NA,,NA,,NA,,NA,,NA,,NA,,NA,,NA,,NA,,NA,,NA,,NA,,NA,,NA,,NA,,NA,,NA,,NA,,NA,,NA,,NA,,NA,,NA,,NA,,NA,,NA,,NA,,NA,,NA,,NA,,NA,,NA,,NA,,NA,,NA,,NA,,NA,,NA,,NA,,NA,,NA,,NA,,NA,,NA,,NA,,NA,,NA,,NA,,NA,,NA,,NA,,NA,,NA,,NA,,NA,,NA,,NA,,NA,,NA,,NA,,NA,,NA,,NA,,NA,,NA,,NA,,NA,,NA,,NA,,NA,,NA,,NA,,NA,,NA,,NA,,NA,,NA,,NA,,NA,,NA,,NA,,NA,,NA,,NA,,NA,,NA,,NA,,NA,,NA,,NA,,NA,,NA,,NA,,NA,,NA,,NA,,NA,,NA,,NA,,NA,,NA,,NA,,NA,,NA,,NA,,NA,,NA,,NA,,NA,,NA,,NA,,NA,,NA,,NA,,NA,,NA,,NA,,NA,,NA,,NA,,NA,,NA,,NA,,NA,,NA,,NA,,NA,,NA,,NA,,NA,,NA,,NA,,NA,,NA,,NA,,NA,,NA,,NA,,NA,,NA,,NA,,NA,,NA,,0.984943538,857 (1.021454112),26.09,21.36,52.54,27.36464449,26.45140248,26.67971298
Miller-Plate62-E03,d28_g5,3098,2328 (75.145255003%),68 (2.194964493%),68 (2.194964493%),96.35%,-12,418 (13.492575855%),-1,368 (11.878631375%),1,301 (9.715945771%),-13,243 (7.843770174%),-2,157 (5.067785668%),-3,157 (5.067785668%),-4,148 (4.777275662%),-6,147 (4.744996772%),-5,133 (4.293092318%),0,113 (3.647514526%),-8,66 (2.130406714%),-10,66 (2.130406714%),2,65 (2.098127824%),-11,63 (2.033570045%),-25,43 (1.387992253%),-24,41 (1.323434474%),-41,33 (1.065203357%),-7,25 (0.806972240%),-125,25 (0.806972240%),-9,23 (0.742414461%),-21,22 (0.710135571%),-14,20 (0.645577792%),-15,20 (0.645577792%),-43,19 (0.613298903%),-40,18 (0.581020013%),-20,17 (0.548741123%),-97,15 (0.484183344%),-22,15 (0.484183344%),-37,15 (0.484183344%),-26,14 (0.451904454%),-48,14 (0.451904454%),-39,13 (0.419625565%),-38,13 (0.419625565%),3,13 (0.419625565%),-73,12 (0.387346675%),5,12 (0.387346675%),-28,12 (0.387346675%),-16,11 (0.355067786%),-45,11 (0.355067786%),-17,11 (0.355067786%),-27,10 (0.322788896%),-32,10 (0.322788896%),-18,9 (0.290510006%),-23,9 (0.290510006%),-33,9 (0.290510006%),-35,8 (0.258231117%),6,8 (0.258231117%),-166,6 (0.193673338%),-44,5 (0.161394448%),-19,5 (0.161394448%),-46,5 (0.161394448%),-95,5 (0.161394448%),-61,5 (0.161394448%),-105,5 (0.161394448%),-59,4 (0.129115558%),-51,4 (0.129115558%),-99,4 (0.129115558%),4,4 (0.129115558%),-114,4 (0.129115558%),-142,3 (0.096836669%),-74,3 (0.096836669%),-34,3 (0.096836669%),103,3 (0.096836669%),-29,3 (0.096836669%),-30,3 (0.096836669%),9,2 (0.064557779%),7,2 (0.064557779%),113,2 (0.064557779%),-68,2 (0.064557779%),-56,2 (0.064557779%),-90,2 (0.064557779%),28,2 (0.064557779%),-173,2 (0.064557779%),-36,2 (0.064557779%),66,2 (0.064557779%),27,1 (0.032278890%),100,1 (0.032278890%),105,1 (0.032278890%),17,1 (0.032278890%),-58,1 (0.032278890%),-42,1 (0.032278890%),67,1 (0.032278890%),11,1 (0.032278890%),8,1 (0.032278890%),NA,,NA,,NA,,NA,,NA,,NA,,NA,,NA,,NA,,NA,,NA,,NA,,NA,,NA,,NA,,NA,,NA,,NA,,NA,,NA,,NA,,NA,,NA,,NA,,NA,,NA,,NA,,NA,,NA,,NA,,NA,,NA,,NA,,NA,,NA,,NA,,NA,,NA,,NA,,NA,,NA,,NA,,NA,,NA,,NA,,NA,,NA,,NA,,NA,,NA,,NA,,NA,,NA,,NA,,NA,,NA,,NA,,NA,,NA,,NA,,NA,,NA,,NA,,NA,,NA,,NA,,NA,,NA,,NA,,NA,,NA,,NA,,NA,,NA,,NA,,NA,,NA,,NA,,NA,,NA,,NA,,NA,,NA,,NA,,NA,,NA,,NA,,NA,,NA,,NA,,NA,,NA,,NA,,NA,,NA,,NA,,NA,,NA,,NA,,NA,,NA,,NA,,NA,,NA,,NA,,NA,,NA,,NA,,NA,,NA,,NA,,NA,,NA,,NA,,NA,,NA,,0.972154223,2372 (1.018900344),3.65,30.54,65.82,75.145255,2.194964493,2.194964493
Miller-Plate62-E04,d28_g6,3091,2447 (79.165318667%),68 (2.199935296%),68 (2.199935296%),96.54%,1,495 (16.014234875%),-12,282 (9.123261081%),-5,276 (8.929149143%),-24,220 (7.117437722%),-2,215 (6.955677774%),-4,204 (6.599805888%),-13,183 (5.920414105%),-1,166 (5.370430281%),-25,112 (3.623422841%),0,107 (3.461662892%),-6,83 (2.685215141%),-3,69 (2.232287286%),-8,61 (1.973471368%),-7,56 (1.811711420%),-20,51 (1.649951472%),-26,44 (1.423487544%),-14,38 (1.229375607%),-18,37 (1.197023617%),-11,35 (1.132319638%),2,33 (1.067615658%),3,29 (0.938207700%),-74,29 (0.938207700%),-22,26 (0.841151731%),-10,25 (0.808799741%),-27,21 (0.679391783%),-113,20 (0.647039793%),-117,17 (0.549983824%),-29,15 (0.485279845%),-19,14 (0.452927855%),5,12 (0.388223876%),-23,12 (0.388223876%),-17,12 (0.388223876%),-9,10 (0.323519896%),-38,10 (0.323519896%),4,9 (0.291167907%),-21,7 (0.226463928%),-28,6 (0.194111938%),-31,5 (0.161759948%),-37,5 (0.161759948%),-15,5 (0.161759948%),-62,5 (0.161759948%),-98,5 (0.161759948%),7,3 (0.097055969%),-46,3 (0.097055969%),-78,3 (0.097055969%),8,3 (0.097055969%),13,3 (0.097055969%),-189,2 (0.064703979%),9,2 (0.064703979%),-30,2 (0.064703979%),-43,1 (0.032351990%),-47,1 (0.032351990%),-39,1 (0.032351990%),-16,1 (0.032351990%),NA,,NA,,NA,,NA,,NA,,NA,,NA,,NA,,NA,,NA,,NA,,NA,,NA,,NA,,NA,,NA,,NA,,NA,,NA,,NA,,NA,,NA,,NA,,NA,,NA,,NA,,NA,,NA,,NA,,NA,,NA,,NA,,NA,,NA,,NA,,NA,,NA,,NA,,NA,,NA,,NA,,NA,,NA,,NA,,NA,,NA,,NA,,NA,,NA,,NA,,NA,,NA,,NA,,NA,,NA,,NA,,NA,,NA,,NA,,NA,,NA,,NA,,NA,,NA,,NA,,NA,,NA,,NA,,NA,,NA,,NA,,NA,,NA,,NA,,NA,,NA,,NA,,NA,,NA,,NA,,NA,,NA,,NA,,NA,,NA,,NA,,NA,,NA,,NA,,NA,,NA,,NA,,NA,,NA,,NA,,NA,,NA,,NA,,NA,,NA,,NA,,NA,,NA,,NA,,NA,,NA,,NA,,NA,,NA,,NA,,NA,,NA,,NA,,NA,,NA,,NA,,NA,,NA,,NA,,NA,,NA,,NA,,NA,,NA,,NA,,NA,,NA,,NA,,NA,,NA,,NA,,NA,,NA,,NA,,NA,,NA,,NA,,NA,,NA,,NA,,NA,,NA,,NA,,NA,,NA,,NA,,0.892765957,2477 (1.012259910),3.46,25.56,70.98,79.16531867,2.199935296,2.199935296
,,,,,,,,,,,,,,,,,,,,,,,,,,,,,,,,,,,,,,,,,,,,,,,,,,,,,,,,,,,,,,,,,,,,,,,,,,,,,,,,,,,,,,,,,,,,,,,,,,,,,,,,,,,,,,,,,,,,,,,,,,,,,,,,,,,,,,,,,,,,,,,,,,,,,,,,,,,,,,,,,,,,,,,,,,,,,,,,,,,,,,,,,,,,,,,,,,,,,,,,,,,,,,,,,,,,,,,,,,,,,,,,,,,,,,,,,,,,,,,,,,,,,,,,,,,,,,,,,,,,,,,,,,,,,,,,,,,,,,,,,,,,,,,,,,,,,,,,,,,,,,,,,,,,,,,,,,,,,,,,,,,,,,,,,,,,,,,,,,,,,,,,,,,,,,,,,,,,,,,,,,,,,,,,,,,,,,,,,,,,,,,,,,,,,,,,,,,,,,,,,,,,,,,,,,,,,,
,,,,,,,,,,,,,,,,,,,,,,,,,,,,,,,,,,,,,,,,,,,,,,,,,,,,,,,,,,,,,,,,,,,,,,,,,,,,,,,,,,,,,,,,,,,,,,,,,,,,,,,,,,,,,,,,,,,,,,,,,,,,,,,,,,,,,,,,,,,,,,,,,,,,,,,,,,,,,,,,,,,,,,,,,,,,,,,,,,,,,,,,,,,,,,,,,,,,,,,,,,,,,,,,,,,,,,,,,,,,,,,,,,,,,,,,,,,,,,,,,,,,,,,,,,,,,,,,,,,,,,,,,,,,,,,,,,,,,,,,,,,,,,,,,,,,,,,,,,,,,,,,,,,,,,,,,,,,,,,,,,,,,,,,,,,,,,,,,,,,,,,,,,,,,,,,,,,,,,,,,,,,,,,,,,,,,,,,,,,,,,,,,,,,,,,,,,,,,,,,,,,,,,,,,,,,,,
,,,,,,,,,,,,,,,,,,,,,,,,,,,,,,,,,,,,,,,,,,,,,,,,,,,,,,,,,,,,,,,,,,,,,,,,,,,,,,,,,,,,,,,,,,,,,,,,,,,,,,,,,,,,,,,,,,,,,,,,,,,,,,,,,,,,,,,,,,,,,,,,,,,,,,,,,,,,,,,,,,,,,,,,,,,,,,,,,,,,,,,,,,,,,,,,,,,,,,,,,,,,,,,,,,,,,,,,,,,,,,,,,,,,,,,,,,,,,,,,,,,,,,,,,,,,,,,,,,,,,,,,,,,,,,,,,,,,,,,,,,,,,,,,,,,,,,,,,,,,,,,,,,,,,,,,,,,,,,,,,,,,,,,,,,,,,,,,,,,,,,,,,,,,,,,,,,,,,,,,,,,,,,,,,,,,,,,,,,,,,,,,,,,,,,,,,,,,,,,,,,,,,,,,,,,,,,
,,,,,,,,,,,,,,,,,,,,,,,,,,,,,,,,,,,,,,,,,,,,,,,,,,,,,,,,,,,,,,,,,,,,,,,,,,,,,,,,,,,,,,,,,,,,,,,,,,,,,,,,,,,,,,,,,,,,,,,,,,,,,,,,,,,,,,,,,,,,,,,,,,,,,,,,,,,,,,,,,,,,,,,,,,,,,,,,,,,,,,,,,,,,,,,,,,,,,,,,,,,,,,,,,,,,,,,,,,,,,,,,,,,,,,,,,,,,,,,,,,,,,,,,,,,,,,,,,,,,,,,,,,,,,,,,,,,,,,,,,,,,,,,,,,,,,,,,,,,,,,,,,,,,,,,,,,,,,,,,,,,,,,,,,,,,,,,,,,,,,,,,,,,,,,,,,,,,,,,,,,,,,,,,,,,,,,,,,,,,,,,,,,,,,,,,,,,,,,,,,,,,,,,,,,,,,,
,,,,,,,,,,,,,,,,,,,,,,,,,,,,,,,,,,,,,,,,,,,,,,,,,,,,,,,,,,,,,,,,,,,,,,,,,,,,,,,,,,,,,,,,,,,,,,,,,,,,,,,,,,,,,,,,,,,,,,,,,,,,,,,,,,,,,,,,,,,,,,,,,,,,,,,,,,,,,,,,,,,,,,,,,,,,,,,,,,,,,,,,,,,,,,,,,,,,,,,,,,,,,,,,,,,,,,,,,,,,,,,,,,,,,,,,,,,,,,,,,,,,,,,,,,,,,,,,,,,,,,,,,,,,,,,,,,,,,,,,,,,,,,,,,,,,,,,,,,,,,,,,,,,,,,,,,,,,,,,,,,,,,,,,,,,,,,,,,,,,,,,,,,,,,,,,,,,,,,,,,,,,,,,,,,,,,,,,,,,,,,,,,,,,,,,,,,,,,,,,,,,,,,,,,,,,,,
,,,,,,,,,,,,,,,,,,,,,,,,,,,,,,,,,,,,,,,,,,,,,,,,,,,,,,,,,,,,,,,,,,,,,,,,,,,,,,,,,,,,,,,,,,,,,,,,,,,,,,,,,,,,,,,,,,,,,,,,,,,,,,,,,,,,,,,,,,,,,,,,,,,,,,,,,,,,,,,,,,,,,,,,,,,,,,,,,,,,,,,,,,,,,,,,,,,,,,,,,,,,,,,,,,,,,,,,,,,,,,,,,,,,,,,,,,,,,,,,,,,,,,,,,,,,,,,,,,,,,,,,,,,,,,,,,,,,,,,,,,,,,,,,,,,,,,,,,,,,,,,,,,,,,,,,,,,,,,,,,,,,,,,,,,,,,,,,,,,,,,,,,,,,,,,,,,,,,,,,,,,,,,,,,,,,,,,,,,,,,,,,,,,,,,,,,,,,,,,,,,,,,,,,,,,,,,
,,,,,,,,,,,,,,,,,,,,,,,,,,,,,,,,,,,,,,,,,,,,,,,,,,,,,,,,,,,,,,,,,,,,,,,,,,,,,,,,,,,,,,,,,,,,,,,,,,,,,,,,,,,,,,,,,,,,,,,,,,,,,,,,,,,,,,,,,,,,,,,,,,,,,,,,,,,,,,,,,,,,,,,,,,,,,,,,,,,,,,,,,,,,,,,,,,,,,,,,,,,,,,,,,,,,,,,,,,,,,,,,,,,,,,,,,,,,,,,,,,,,,,,,,,,,,,,,,,,,,,,,,,,,,,,,,,,,,,,,,,,,,,,,,,,,,,,,,,,,,,,,,,,,,,,,,,,,,,,,,,,,,,,,,,,,,,,,,,,,,,,,,,,,,,,,,,,,,,,,,,,,,,,,,,,,,,,,,,,,,,,,,,,,,,,,,,,,,,,,,,,,,,,,,,,,,,
,,,,,,,,,,,,,,,,,,,,,,,,,,,,,,,,,,,,,,,,,,,,,,,,,,,,,,,,,,,,,,,,,,,,,,,,,,,,,,,,,,,,,,,,,,,,,,,,,,,,,,,,,,,,,,,,,,,,,,,,,,,,,,,,,,,,,,,,,,,,,,,,,,,,,,,,,,,,,,,,,,,,,,,,,,,,,,,,,,,,,,,,,,,,,,,,,,,,,,,,,,,,,,,,,,,,,,,,,,,,,,,,,,,,,,,,,,,,,,,,,,,,,,,,,,,,,,,,,,,,,,,,,,,,,,,,,,,,,,,,,,,,,,,,,,,,,,,,,,,,,,,,,,,,,,,,,,,,,,,,,,,,,,,,,,,,,,,,,,,,,,,,,,,,,,,,,,,,,,,,,,,,,,,,,,,,,,,,,,,,,,,,,,,,,,,,,,,,,,,,,,,,,,,,,,,,,,
,,,,,,,,,,,,,,,,,,,,,,,,,,,,,,,,,,,,,,,,,,,,,,,,,,,,,,,,,,,,,,,,,,,,,,,,,,,,,,,,,,,,,,,,,,,,,,,,,,,,,,,,,,,,,,,,,,,,,,,,,,,,,,,,,,,,,,,,,,,,,,,,,,,,,,,,,,,,,,,,,,,,,,,,,,,,,,,,,,,,,,,,,,,,,,,,,,,,,,,,,,,,,,,,,,,,,,,,,,,,,,,,,,,,,,,,,,,,,,,,,,,,,,,,,,,,,,,,,,,,,,,,,,,,,,,,,,,,,,,,,,,,,,,,,,,,,,,,,,,,,,,,,,,,,,,,,,,,,,,,,,,,,,,,,,,,,,,,,,,,,,,,,,,,,,,,,,,,,,,,,,,,,,,,,,,,,,,,,,,,,,,,,,,,,,,,,,,,,,,,,,,,,,,,,,,,,,
,,,,,,,,,,,,,,,,,,,,,,,,,,,,,,,,,,,,,,,,,,,,,,,,,,,,,,,,,,,,,,,,,,,,,,,,,,,,,,,,,,,,,,,,,,,,,,,,,,,,,,,,,,,,,,,,,,,,,,,,,,,,,,,,,,,,,,,,,,,,,,,,,,,,,,,,,,,,,,,,,,,,,,,,,,,,,,,,,,,,,,,,,,,,,,,,,,,,,,,,,,,,,,,,,,,,,,,,,,,,,,,,,,,,,,,,,,,,,,,,,,,,,,,,,,,,,,,,,,,,,,,,,,,,,,,,,,,,,,,,,,,,,,,,,,,,,,,,,,,,,,,,,,,,,,,,,,,,,,,,,,,,,,,,,,,,,,,,,,,,,,,,,,,,,,,,,,,,,,,,,,,,,,,,,,,,,,,,,,,,,,,,,,,,,,,,,,,,,,,,,,,,,,,,,,,,,,
,,,,,,,,,,,,,,,,,,,,,,,,,,,,,,,,,,,,,,,,,,,,,,,,,,,,,,,,,,,,,,,,,,,,,,,,,,,,,,,,,,,,,,,,,,,,,,,,,,,,,,,,,,,,,,,,,,,,,,,,,,,,,,,,,,,,,,,,,,,,,,,,,,,,,,,,,,,,,,,,,,,,,,,,,,,,,,,,,,,,,,,,,,,,,,,,,,,,,,,,,,,,,,,,,,,,,,,,,,,,,,,,,,,,,,,,,,,,,,,,,,,,,,,,,,,,,,,,,,,,,,,,,,,,,,,,,,,,,,,,,,,,,,,,,,,,,,,,,,,,,,,,,,,,,,,,,,,,,,,,,,,,,,,,,,,,,,,,,,,,,,,,,,,,,,,,,,,,,,,,,,,,,,,,,,,,,,,,,,,,,,,,,,,,,,,,,,,,,,,,,,,,,,,,,,,,,,
,,,,,,,,,,,,,,,,,,,,,,,,,,,,,,,,,,,,,,,,,,,,,,,,,,,,,,,,,,,,,,,,,,,,,,,,,,,,,,,,,,,,,,,,,,,,,,,,,,,,,,,,,,,,,,,,,,,,,,,,,,,,,,,,,,,,,,,,,,,,,,,,,,,,,,,,,,,,,,,,,,,,,,,,,,,,,,,,,,,,,,,,,,,,,,,,,,,,,,,,,,,,,,,,,,,,,,,,,,,,,,,,,,,,,,,,,,,,,,,,,,,,,,,,,,,,,,,,,,,,,,,,,,,,,,,,,,,,,,,,,,,,,,,,,,,,,,,,,,,,,,,,,,,,,,,,,,,,,,,,,,,,,,,,,,,,,,,,,,,,,,,,,,,,,,,,,,,,,,,,,,,,,,,,,,,,,,,,,,,,,,,,,,,,,,,,,,,,,,,,,,,,,,,,,,,,,,
,,,,,,,,,,,,,,,,,,,,,,,,,,,,,,,,,,,,,,,,,,,,,,,,,,,,,,,,,,,,,,,,,,,,,,,,,,,,,,,,,,,,,,,,,,,,,,,,,,,,,,,,,,,,,,,,,,,,,,,,,,,,,,,,,,,,,,,,,,,,,,,,,,,,,,,,,,,,,,,,,,,,,,,,,,,,,,,,,,,,,,,,,,,,,,,,,,,,,,,,,,,,,,,,,,,,,,,,,,,,,,,,,,,,,,,,,,,,,,,,,,,,,,,,,,,,,,,,,,,,,,,,,,,,,,,,,,,,,,,,,,,,,,,,,,,,,,,,,,,,,,,,,,,,,,,,,,,,,,,,,,,,,,,,,,,,,,,,,,,,,,,,,,,,,,,,,,,,,,,,,,,,,,,,,,,,,,,,,,,,,,,,,,,,,,,,,,,,,,,,,,,,,,,,,,,,,,
,,,,,,,,,,,,,,,,,,,,,,,,,,,,,,,,,,,,,,,,,,,,,,,,,,,,,,,,,,,,,,,,,,,,,,,,,,,,,,,,,,,,,,,,,,,,,,,,,,,,,,,,,,,,,,,,,,,,,,,,,,,,,,,,,,,,,,,,,,,,,,,,,,,,,,,,,,,,,,,,,,,,,,,,,,,,,,,,,,,,,,,,,,,,,,,,,,,,,,,,,,,,,,,,,,,,,,,,,,,,,,,,,,,,,,,,,,,,,,,,,,,,,,,,,,,,,,,,,,,,,,,,,,,,,,,,,,,,,,,,,,,,,,,,,,,,,,,,,,,,,,,,,,,,,,,,,,,,,,,,,,,,,,,,,,,,,,,,,,,,,,,,,,,,,,,,,,,,,,,,,,,,,,,,,,,,,,,,,,,,,,,,,,,,,,,,,,,,,,,,,,,,,,,,,,,,,,
,,,,,,,,,,,,,,,,,,,,,,,,,,,,,,,,,,,,,,,,,,,,,,,,,,,,,,,,,,,,,,,,,,,,,,,,,,,,,,,,,,,,,,,,,,,,,,,,,,,,,,,,,,,,,,,,,,,,,,,,,,,,,,,,,,,,,,,,,,,,,,,,,,,,,,,,,,,,,,,,,,,,,,,,,,,,,,,,,,,,,,,,,,,,,,,,,,,,,,,,,,,,,,,,,,,,,,,,,,,,,,,,,,,,,,,,,,,,,,,,,,,,,,,,,,,,,,,,,,,,,,,,,,,,,,,,,,,,,,,,,,,,,,,,,,,,,,,,,,,,,,,,,,,,,,,,,,,,,,,,,,,,,,,,,,,,,,,,,,,,,,,,,,,,,,,,,,,,,,,,,,,,,,,,,,,,,,,,,,,,,,,,,,,,,,,,,,,,,,,,,,,,,,,,,,,,,,
,,,,,,,,,,,,,,,,,,,,,,,,,,,,,,,,,,,,,,,,,,,,,,,,,,,,,,,,,,,,,,,,,,,,,,,,,,,,,,,,,,,,,,,,,,,,,,,,,,,,,,,,,,,,,,,,,,,,,,,,,,,,,,,,,,,,,,,,,,,,,,,,,,,,,,,,,,,,,,,,,,,,,,,,,,,,,,,,,,,,,,,,,,,,,,,,,,,,,,,,,,,,,,,,,,,,,,,,,,,,,,,,,,,,,,,,,,,,,,,,,,,,,,,,,,,,,,,,,,,,,,,,,,,,,,,,,,,,,,,,,,,,,,,,,,,,,,,,,,,,,,,,,,,,,,,,,,,,,,,,,,,,,,,,,,,,,,,,,,,,,,,,,,,,,,,,,,,,,,,,,,,,,,,,,,,,,,,,,,,,,,,,,,,,,,,,,,,,,,,,,,,,,,,,,,,,,,
,,,,,,,,,,,,,,,,,,,,,,,,,,,,,,,,,,,,,,,,,,,,,,,,,,,,,,,,,,,,,,,,,,,,,,,,,,,,,,,,,,,,,,,,,,,,,,,,,,,,,,,,,,,,,,,,,,,,,,,,,,,,,,,,,,,,,,,,,,,,,,,,,,,,,,,,,,,,,,,,,,,,,,,,,,,,,,,,,,,,,,,,,,,,,,,,,,,,,,,,,,,,,,,,,,,,,,,,,,,,,,,,,,,,,,,,,,,,,,,,,,,,,,,,,,,,,,,,,,,,,,,,,,,,,,,,,,,,,,,,,,,,,,,,,,,,,,,,,,,,,,,,,,,,,,,,,,,,,,,,,,,,,,,,,,,,,,,,,,,,,,,,,,,,,,,,,,,,,,,,,,,,,,,,,,,,,,,,,,,,,,,,,,,,,,,,,,,,,,,,,,,,,,,,,,,,,,
,,,,,,,,,,,,,,,,,,,,,,,,,,,,,,,,,,,,,,,,,,,,,,,,,,,,,,,,,,,,,,,,,,,,,,,,,,,,,,,,,,,,,,,,,,,,,,,,,,,,,,,,,,,,,,,,,,,,,,,,,,,,,,,,,,,,,,,,,,,,,,,,,,,,,,,,,,,,,,,,,,,,,,,,,,,,,,,,,,,,,,,,,,,,,,,,,,,,,,,,,,,,,,,,,,,,,,,,,,,,,,,,,,,,,,,,,,,,,,,,,,,,,,,,,,,,,,,,,,,,,,,,,,,,,,,,,,,,,,,,,,,,,,,,,,,,,,,,,,,,,,,,,,,,,,,,,,,,,,,,,,,,,,,,,,,,,,,,,,,,,,,,,,,,,,,,,,,,,,,,,,,,,,,,,,,,,,,,,,,,,,,,,,,,,,,,,,,,,,,,,,,,,,,,,,,,,,
,,,,,,,,,,,,,,,,,,,,,,,,,,,,,,,,,,,,,,,,,,,,,,,,,,,,,,,,,,,,,,,,,,,,,,,,,,,,,,,,,,,,,,,,,,,,,,,,,,,,,,,,,,,,,,,,,,,,,,,,,,,,,,,,,,,,,,,,,,,,,,,,,,,,,,,,,,,,,,,,,,,,,,,,,,,,,,,,,,,,,,,,,,,,,,,,,,,,,,,,,,,,,,,,,,,,,,,,,,,,,,,,,,,,,,,,,,,,,,,,,,,,,,,,,,,,,,,,,,,,,,,,,,,,,,,,,,,,,,,,,,,,,,,,,,,,,,,,,,,,,,,,,,,,,,,,,,,,,,,,,,,,,,,,,,,,,,,,,,,,,,,,,,,,,,,,,,,,,,,,,,,,,,,,,,,,,,,,,,,,,,,,,,,,,,,,,,,,,,,,,,,,,,,,,,,,,,
,,,,,,,,,,,,,,,,,,,,,,,,,,,,,,,,,,,,,,,,,,,,,,,,,,,,,,,,,,,,,,,,,,,,,,,,,,,,,,,,,,,,,,,,,,,,,,,,,,,,,,,,,,,,,,,,,,,,,,,,,,,,,,,,,,,,,,,,,,,,,,,,,,,,,,,,,,,,,,,,,,,,,,,,,,,,,,,,,,,,,,,,,,,,,,,,,,,,,,,,,,,,,,,,,,,,,,,,,,,,,,,,,,,,,,,,,,,,,,,,,,,,,,,,,,,,,,,,,,,,,,,,,,,,,,,,,,,,,,,,,,,,,,,,,,,,,,,,,,,,,,,,,,,,,,,,,,,,,,,,,,,,,,,,,,,,,,,,,,,,,,,,,,,,,,,,,,,,,,,,,,,,,,,,,,,,,,,,,,,,,,,,,,,,,,,,,,,,,,,,,,,,,,,,,,,,,,
,,,,,,,,,,,,,,,,,,,,,,,,,,,,,,,,,,,,,,,,,,,,,,,,,,,,,,,,,,,,,,,,,,,,,,,,,,,,,,,,,,,,,,,,,,,,,,,,,,,,,,,,,,,,,,,,,,,,,,,,,,,,,,,,,,,,,,,,,,,,,,,,,,,,,,,,,,,,,,,,,,,,,,,,,,,,,,,,,,,,,,,,,,,,,,,,,,,,,,,,,,,,,,,,,,,,,,,,,,,,,,,,,,,,,,,,,,,,,,,,,,,,,,,,,,,,,,,,,,,,,,,,,,,,,,,,,,,,,,,,,,,,,,,,,,,,,,,,,,,,,,,,,,,,,,,,,,,,,,,,,,,,,,,,,,,,,,,,,,,,,,,,,,,,,,,,,,,,,,,,,,,,,,,,,,,,,,,,,,,,,,,,,,,,,,,,,,,,,,,,,,,,,,,,,,,,,,
,,,,,,,,,,,,,,,,,,,,,,,,,,,,,,,,,,,,,,,,,,,,,,,,,,,,,,,,,,,,,,,,,,,,,,,,,,,,,,,,,,,,,,,,,,,,,,,,,,,,,,,,,,,,,,,,,,,,,,,,,,,,,,,,,,,,,,,,,,,,,,,,,,,,,,,,,,,,,,,,,,,,,,,,,,,,,,,,,,,,,,,,,,,,,,,,,,,,,,,,,,,,,,,,,,,,,,,,,,,,,,,,,,,,,,,,,,,,,,,,,,,,,,,,,,,,,,,,,,,,,,,,,,,,,,,,,,,,,,,,,,,,,,,,,,,,,,,,,,,,,,,,,,,,,,,,,,,,,,,,,,,,,,,,,,,,,,,,,,,,,,,,,,,,,,,,,,,,,,,,,,,,,,,,,,,,,,,,,,,,,,,,,,,,,,,,,,,,,,,,,,,,,,,,,,,,,,
,,,,,,,,,,,,,,,,,,,,,,,,,,,,,,,,,,,,,,,,,,,,,,,,,,,,,,,,,,,,,,,,,,,,,,,,,,,,,,,,,,,,,,,,,,,,,,,,,,,,,,,,,,,,,,,,,,,,,,,,,,,,,,,,,,,,,,,,,,,,,,,,,,,,,,,,,,,,,,,,,,,,,,,,,,,,,,,,,,,,,,,,,,,,,,,,,,,,,,,,,,,,,,,,,,,,,,,,,,,,,,,,,,,,,,,,,,,,,,,,,,,,,,,,,,,,,,,,,,,,,,,,,,,,,,,,,,,,,,,,,,,,,,,,,,,,,,,,,,,,,,,,,,,,,,,,,,,,,,,,,,,,,,,,,,,,,,,,,,,,,,,,,,,,,,,,,,,,,,,,,,,,,,,,,,,,,,,,,,,,,,,,,,,,,,,,,,,,,,,,,,,,,,,,,,,,,,
,,,,,,,,,,,,,,,,,,,,,,,,,,,,,,,,,,,,,,,,,,,,,,,,,,,,,,,,,,,,,,,,,,,,,,,,,,,,,,,,,,,,,,,,,,,,,,,,,,,,,,,,,,,,,,,,,,,,,,,,,,,,,,,,,,,,,,,,,,,,,,,,,,,,,,,,,,,,,,,,,,,,,,,,,,,,,,,,,,,,,,,,,,,,,,,,,,,,,,,,,,,,,,,,,,,,,,,,,,,,,,,,,,,,,,,,,,,,,,,,,,,,,,,,,,,,,,,,,,,,,,,,,,,,,,,,,,,,,,,,,,,,,,,,,,,,,,,,,,,,,,,,,,,,,,,,,,,,,,,,,,,,,,,,,,,,,,,,,,,,,,,,,,,,,,,,,,,,,,,,,,,,,,,,,,,,,,,,,,,,,,,,,,,,,,,,,,,,,,,,,,,,,,,,,,,,,,
,,,,,,,,,,,,,,,,,,,,,,,,,,,,,,,,,,,,,,,,,,,,,,,,,,,,,,,,,,,,,,,,,,,,,,,,,,,,,,,,,,,,,,,,,,,,,,,,,,,,,,,,,,,,,,,,,,,,,,,,,,,,,,,,,,,,,,,,,,,,,,,,,,,,,,,,,,,,,,,,,,,,,,,,,,,,,,,,,,,,,,,,,,,,,,,,,,,,,,,,,,,,,,,,,,,,,,,,,,,,,,,,,,,,,,,,,,,,,,,,,,,,,,,,,,,,,,,,,,,,,,,,,,,,,,,,,,,,,,,,,,,,,,,,,,,,,,,,,,,,,,,,,,,,,,,,,,,,,,,,,,,,,,,,,,,,,,,,,,,,,,,,,,,,,,,,,,,,,,,,,,,,,,,,,,,,,,,,,,,,,,,,,,,,,,,,,,,,,,,,,,,,,,,,,,,,,,
,,,,,,,,,,,,,,,,,,,,,,,,,,,,,,,,,,,,,,,,,,,,,,,,,,,,,,,,,,,,,,,,,,,,,,,,,,,,,,,,,,,,,,,,,,,,,,,,,,,,,,,,,,,,,,,,,,,,,,,,,,,,,,,,,,,,,,,,,,,,,,,,,,,,,,,,,,,,,,,,,,,,,,,,,,,,,,,,,,,,,,,,,,,,,,,,,,,,,,,,,,,,,,,,,,,,,,,,,,,,,,,,,,,,,,,,,,,,,,,,,,,,,,,,,,,,,,,,,,,,,,,,,,,,,,,,,,,,,,,,,,,,,,,,,,,,,,,,,,,,,,,,,,,,,,,,,,,,,,,,,,,,,,,,,,,,,,,,,,,,,,,,,,,,,,,,,,,,,,,,,,,,,,,,,,,,,,,,,,,,,,,,,,,,,,,,,,,,,,,,,,,,,,,,,,,,,,
,,,,,,,,,,,,,,,,,,,,,,,,,,,,,,,,,,,,,,,,,,,,,,,,,,,,,,,,,,,,,,,,,,,,,,,,,,,,,,,,,,,,,,,,,,,,,,,,,,,,,,,,,,,,,,,,,,,,,,,,,,,,,,,,,,,,,,,,,,,,,,,,,,,,,,,,,,,,,,,,,,,,,,,,,,,,,,,,,,,,,,,,,,,,,,,,,,,,,,,,,,,,,,,,,,,,,,,,,,,,,,,,,,,,,,,,,,,,,,,,,,,,,,,,,,,,,,,,,,,,,,,,,,,,,,,,,,,,,,,,,,,,,,,,,,,,,,,,,,,,,,,,,,,,,,,,,,,,,,,,,,,,,,,,,,,,,,,,,,,,,,,,,,,,,,,,,,,,,,,,,,,,,,,,,,,,,,,,,,,,,,,,,,,,,,,,,,,,,,,,,,,,,,,,,,,,,,
,,,,,,,,,,,,,,,,,,,,,,,,,,,,,,,,,,,,,,,,,,,,,,,,,,,,,,,,,,,,,,,,,,,,,,,,,,,,,,,,,,,,,,,,,,,,,,,,,,,,,,,,,,,,,,,,,,,,,,,,,,,,,,,,,,,,,,,,,,,,,,,,,,,,,,,,,,,,,,,,,,,,,,,,,,,,,,,,,,,,,,,,,,,,,,,,,,,,,,,,,,,,,,,,,,,,,,,,,,,,,,,,,,,,,,,,,,,,,,,,,,,,,,,,,,,,,,,,,,,,,,,,,,,,,,,,,,,,,,,,,,,,,,,,,,,,,,,,,,,,,,,,,,,,,,,,,,,,,,,,,,,,,,,,,,,,,,,,,,,,,,,,,,,,,,,,,,,,,,,,,,,,,,,,,,,,,,,,,,,,,,,,,,,,,,,,,,,,,,,,,,,,,,,,,,,,,,
,,,,,,,,,,,,,,,,,,,,,,,,,,,,,,,,,,,,,,,,,,,,,,,,,,,,,,,,,,,,,,,,,,,,,,,,,,,,,,,,,,,,,,,,,,,,,,,,,,,,,,,,,,,,,,,,,,,,,,,,,,,,,,,,,,,,,,,,,,,,,,,,,,,,,,,,,,,,,,,,,,,,,,,,,,,,,,,,,,,,,,,,,,,,,,,,,,,,,,,,,,,,,,,,,,,,,,,,,,,,,,,,,,,,,,,,,,,,,,,,,,,,,,,,,,,,,,,,,,,,,,,,,,,,,,,,,,,,,,,,,,,,,,,,,,,,,,,,,,,,,,,,,,,,,,,,,,,,,,,,,,,,,,,,,,,,,,,,,,,,,,,,,,,,,,,,,,,,,,,,,,,,,,,,,,,,,,,,,,,,,,,,,,,,,,,,,,,,,,,,,,,,,,,,,,,,,,
,,,,,,,,,,,,,,,,,,,,,,,,,,,,,,,,,,,,,,,,,,,,,,,,,,,,,,,,,,,,,,,,,,,,,,,,,,,,,,,,,,,,,,,,,,,,,,,,,,,,,,,,,,,,,,,,,,,,,,,,,,,,,,,,,,,,,,,,,,,,,,,,,,,,,,,,,,,,,,,,,,,,,,,,,,,,,,,,,,,,,,,,,,,,,,,,,,,,,,,,,,,,,,,,,,,,,,,,,,,,,,,,,,,,,,,,,,,,,,,,,,,,,,,,,,,,,,,,,,,,,,,,,,,,,,,,,,,,,,,,,,,,,,,,,,,,,,,,,,,,,,,,,,,,,,,,,,,,,,,,,,,,,,,,,,,,,,,,,,,,,,,,,,,,,,,,,,,,,,,,,,,,,,,,,,,,,,,,,,,,,,,,,,,,,,,,,,,,,,,,,,,,,,,,,,,,,,
,,,,,,,,,,,,,,,,,,,,,,,,,,,,,,,,,,,,,,,,,,,,,,,,,,,,,,,,,,,,,,,,,,,,,,,,,,,,,,,,,,,,,,,,,,,,,,,,,,,,,,,,,,,,,,,,,,,,,,,,,,,,,,,,,,,,,,,,,,,,,,,,,,,,,,,,,,,,,,,,,,,,,,,,,,,,,,,,,,,,,,,,,,,,,,,,,,,,,,,,,,,,,,,,,,,,,,,,,,,,,,,,,,,,,,,,,,,,,,,,,,,,,,,,,,,,,,,,,,,,,,,,,,,,,,,,,,,,,,,,,,,,,,,,,,,,,,,,,,,,,,,,,,,,,,,,,,,,,,,,,,,,,,,,,,,,,,,,,,,,,,,,,,,,,,,,,,,,,,,,,,,,,,,,,,,,,,,,,,,,,,,,,,,,,,,,,,,,,,,,,,,,,,,,,,,,,,
,,,,,,,,,,,,,,,,,,,,,,,,,,,,,,,,,,,,,,,,,,,,,,,,,,,,,,,,,,,,,,,,,,,,,,,,,,,,,,,,,,,,,,,,,,,,,,,,,,,,,,,,,,,,,,,,,,,,,,,,,,,,,,,,,,,,,,,,,,,,,,,,,,,,,,,,,,,,,,,,,,,,,,,,,,,,,,,,,,,,,,,,,,,,,,,,,,,,,,,,,,,,,,,,,,,,,,,,,,,,,,,,,,,,,,,,,,,,,,,,,,,,,,,,,,,,,,,,,,,,,,,,,,,,,,,,,,,,,,,,,,,,,,,,,,,,,,,,,,,,,,,,,,,,,,,,,,,,,,,,,,,,,,,,,,,,,,,,,,,,,,,,,,,,,,,,,,,,,,,,,,,,,,,,,,,,,,,,,,,,,,,,,,,,,,,,,,,,,,,,,,,,,,,,,,,,,,
,,,,,,,,,,,,,,,,,,,,,,,,,,,,,,,,,,,,,,,,,,,,,,,,,,,,,,,,,,,,,,,,,,,,,,,,,,,,,,,,,,,,,,,,,,,,,,,,,,,,,,,,,,,,,,,,,,,,,,,,,,,,,,,,,,,,,,,,,,,,,,,,,,,,,,,,,,,,,,,,,,,,,,,,,,,,,,,,,,,,,,,,,,,,,,,,,,,,,,,,,,,,,,,,,,,,,,,,,,,,,,,,,,,,,,,,,,,,,,,,,,,,,,,,,,,,,,,,,,,,,,,,,,,,,,,,,,,,,,,,,,,,,,,,,,,,,,,,,,,,,,,,,,,,,,,,,,,,,,,,,,,,,,,,,,,,,,,,,,,,,,,,,,,,,,,,,,,,,,,,,,,,,,,,,,,,,,,,,,,,,,,,,,,,,,,,,,,,,,,,,,,,,,,,,,,,,,
,,,,,,,,,,,,,,,,,,,,,,,,,,,,,,,,,,,,,,,,,,,,,,,,,,,,,,,,,,,,,,,,,,,,,,,,,,,,,,,,,,,,,,,,,,,,,,,,,,,,,,,,,,,,,,,,,,,,,,,,,,,,,,,,,,,,,,,,,,,,,,,,,,,,,,,,,,,,,,,,,,,,,,,,,,,,,,,,,,,,,,,,,,,,,,,,,,,,,,,,,,,,,,,,,,,,,,,,,,,,,,,,,,,,,,,,,,,,,,,,,,,,,,,,,,,,,,,,,,,,,,,,,,,,,,,,,,,,,,,,,,,,,,,,,,,,,,,,,,,,,,,,,,,,,,,,,,,,,,,,,,,,,,,,,,,,,,,,,,,,,,,,,,,,,,,,,,,,,,,,,,,,,,,,,,,,,,,,,,,,,,,,,,,,,,,,,,,,,,,,,,,,,,,,,,,,,,
,,,,,,,,,,,,,,,,,,,,,,,,,,,,,,,,,,,,,,,,,,,,,,,,,,,,,,,,,,,,,,,,,,,,,,,,,,,,,,,,,,,,,,,,,,,,,,,,,,,,,,,,,,,,,,,,,,,,,,,,,,,,,,,,,,,,,,,,,,,,,,,,,,,,,,,,,,,,,,,,,,,,,,,,,,,,,,,,,,,,,,,,,,,,,,,,,,,,,,,,,,,,,,,,,,,,,,,,,,,,,,,,,,,,,,,,,,,,,,,,,,,,,,,,,,,,,,,,,,,,,,,,,,,,,,,,,,,,,,,,,,,,,,,,,,,,,,,,,,,,,,,,,,,,,,,,,,,,,,,,,,,,,,,,,,,,,,,,,,,,,,,,,,,,,,,,,,,,,,,,,,,,,,,,,,,,,,,,,,,,,,,,,,,,,,,,,,,,,,,,,,,,,,,,,,,,,,
,,,,,,,,,,,,,,,,,,,,,,,,,,,,,,,,,,,,,,,,,,,,,,,,,,,,,,,,,,,,,,,,,,,,,,,,,,,,,,,,,,,,,,,,,,,,,,,,,,,,,,,,,,,,,,,,,,,,,,,,,,,,,,,,,,,,,,,,,,,,,,,,,,,,,,,,,,,,,,,,,,,,,,,,,,,,,,,,,,,,,,,,,,,,,,,,,,,,,,,,,,,,,,,,,,,,,,,,,,,,,,,,,,,,,,,,,,,,,,,,,,,,,,,,,,,,,,,,,,,,,,,,,,,,,,,,,,,,,,,,,,,,,,,,,,,,,,,,,,,,,,,,,,,,,,,,,,,,,,,,,,,,,,,,,,,,,,,,,,,,,,,,,,,,,,,,,,,,,,,,,,,,,,,,,,,,,,,,,,,,,,,,,,,,,,,,,,,,,,,,,,,,,,,,,,,,,,
,,,,,,,,,,,,,,,,,,,,,,,,,,,,,,,,,,,,,,,,,,,,,,,,,,,,,,,,,,,,,,,,,,,,,,,,,,,,,,,,,,,,,,,,,,,,,,,,,,,,,,,,,,,,,,,,,,,,,,,,,,,,,,,,,,,,,,,,,,,,,,,,,,,,,,,,,,,,,,,,,,,,,,,,,,,,,,,,,,,,,,,,,,,,,,,,,,,,,,,,,,,,,,,,,,,,,,,,,,,,,,,,,,,,,,,,,,,,,,,,,,,,,,,,,,,,,,,,,,,,,,,,,,,,,,,,,,,,,,,,,,,,,,,,,,,,,,,,,,,,,,,,,,,,,,,,,,,,,,,,,,,,,,,,,,,,,,,,,,,,,,,,,,,,,,,,,,,,,,,,,,,,,,,,,,,,,,,,,,,,,,,,,,,,,,,,,,,,,,,,,,,,,,,,,,,,,,
,,,,,,,,,,,,,,,,,,,,,,,,,,,,,,,,,,,,,,,,,,,,,,,,,,,,,,,,,,,,,,,,,,,,,,,,,,,,,,,,,,,,,,,,,,,,,,,,,,,,,,,,,,,,,,,,,,,,,,,,,,,,,,,,,,,,,,,,,,,,,,,,,,,,,,,,,,,,,,,,,,,,,,,,,,,,,,,,,,,,,,,,,,,,,,,,,,,,,,,,,,,,,,,,,,,,,,,,,,,,,,,,,,,,,,,,,,,,,,,,,,,,,,,,,,,,,,,,,,,,,,,,,,,,,,,,,,,,,,,,,,,,,,,,,,,,,,,,,,,,,,,,,,,,,,,,,,,,,,,,,,,,,,,,,,,,,,,,,,,,,,,,,,,,,,,,,,,,,,,,,,,,,,,,,,,,,,,,,,,,,,,,,,,,,,,,,,,,,,,,,,,,,,,,,,,,,,
,,,,,,,,,,,,,,,,,,,,,,,,,,,,,,,,,,,,,,,,,,,,,,,,,,,,,,,,,,,,,,,,,,,,,,,,,,,,,,,,,,,,,,,,,,,,,,,,,,,,,,,,,,,,,,,,,,,,,,,,,,,,,,,,,,,,,,,,,,,,,,,,,,,,,,,,,,,,,,,,,,,,,,,,,,,,,,,,,,,,,,,,,,,,,,,,,,,,,,,,,,,,,,,,,,,,,,,,,,,,,,,,,,,,,,,,,,,,,,,,,,,,,,,,,,,,,,,,,,,,,,,,,,,,,,,,,,,,,,,,,,,,,,,,,,,,,,,,,,,,,,,,,,,,,,,,,,,,,,,,,,,,,,,,,,,,,,,,,,,,,,,,,,,,,,,,,,,,,,,,,,,,,,,,,,,,,,,,,,,,,,,,,,,,,,,,,,,,,,,,,,,,,,,,,,,,,,
,,,,,,,,,,,,,,,,,,,,,,,,,,,,,,,,,,,,,,,,,,,,,,,,,,,,,,,,,,,,,,,,,,,,,,,,,,,,,,,,,,,,,,,,,,,,,,,,,,,,,,,,,,,,,,,,,,,,,,,,,,,,,,,,,,,,,,,,,,,,,,,,,,,,,,,,,,,,,,,,,,,,,,,,,,,,,,,,,,,,,,,,,,,,,,,,,,,,,,,,,,,,,,,,,,,,,,,,,,,,,,,,,,,,,,,,,,,,,,,,,,,,,,,,,,,,,,,,,,,,,,,,,,,,,,,,,,,,,,,,,,,,,,,,,,,,,,,,,,,,,,,,,,,,,,,,,,,,,,,,,,,,,,,,,,,,,,,,,,,,,,,,,,,,,,,,,,,,,,,,,,,,,,,,,,,,,,,,,,,,,,,,,,,,,,,,,,,,,,,,,,,,,,,,,,,,,,
,,,,,,,,,,,,,,,,,,,,,,,,,,,,,,,,,,,,,,,,,,,,,,,,,,,,,,,,,,,,,,,,,,,,,,,,,,,,,,,,,,,,,,,,,,,,,,,,,,,,,,,,,,,,,,,,,,,,,,,,,,,,,,,,,,,,,,,,,,,,,,,,,,,,,,,,,,,,,,,,,,,,,,,,,,,,,,,,,,,,,,,,,,,,,,,,,,,,,,,,,,,,,,,,,,,,,,,,,,,,,,,,,,,,,,,,,,,,,,,,,,,,,,,,,,,,,,,,,,,,,,,,,,,,,,,,,,,,,,,,,,,,,,,,,,,,,,,,,,,,,,,,,,,,,,,,,,,,,,,,,,,,,,,,,,,,,,,,,,,,,,,,,,,,,,,,,,,,,,,,,,,,,,,,,,,,,,,,,,,,,,,,,,,,,,,,,,,,,,,,,,,,,,,,,,,,,,
,,,,,,,,,,,,,,,,,,,,,,,,,,,,,,,,,,,,,,,,,,,,,,,,,,,,,,,,,,,,,,,,,,,,,,,,,,,,,,,,,,,,,,,,,,,,,,,,,,,,,,,,,,,,,,,,,,,,,,,,,,,,,,,,,,,,,,,,,,,,,,,,,,,,,,,,,,,,,,,,,,,,,,,,,,,,,,,,,,,,,,,,,,,,,,,,,,,,,,,,,,,,,,,,,,,,,,,,,,,,,,,,,,,,,,,,,,,,,,,,,,,,,,,,,,,,,,,,,,,,,,,,,,,,,,,,,,,,,,,,,,,,,,,,,,,,,,,,,,,,,,,,,,,,,,,,,,,,,,,,,,,,,,,,,,,,,,,,,,,,,,,,,,,,,,,,,,,,,,,,,,,,,,,,,,,,,,,,,,,,,,,,,,,,,,,,,,,,,,,,,,,,,,,,,,,,,,
,,,,,,,,,,,,,,,,,,,,,,,,,,,,,,,,,,,,,,,,,,,,,,,,,,,,,,,,,,,,,,,,,,,,,,,,,,,,,,,,,,,,,,,,,,,,,,,,,,,,,,,,,,,,,,,,,,,,,,,,,,,,,,,,,,,,,,,,,,,,,,,,,,,,,,,,,,,,,,,,,,,,,,,,,,,,,,,,,,,,,,,,,,,,,,,,,,,,,,,,,,,,,,,,,,,,,,,,,,,,,,,,,,,,,,,,,,,,,,,,,,,,,,,,,,,,,,,,,,,,,,,,,,,,,,,,,,,,,,,,,,,,,,,,,,,,,,,,,,,,,,,,,,,,,,,,,,,,,,,,,,,,,,,,,,,,,,,,,,,,,,,,,,,,,,,,,,,,,,,,,,,,,,,,,,,,,,,,,,,,,,,,,,,,,,,,,,,,,,,,,,,,,,,,,,,,,,
,,,,,,,,,,,,,,,,,,,,,,,,,,,,,,,,,,,,,,,,,,,,,,,,,,,,,,,,,,,,,,,,,,,,,,,,,,,,,,,,,,,,,,,,,,,,,,,,,,,,,,,,,,,,,,,,,,,,,,,,,,,,,,,,,,,,,,,,,,,,,,,,,,,,,,,,,,,,,,,,,,,,,,,,,,,,,,,,,,,,,,,,,,,,,,,,,,,,,,,,,,,,,,,,,,,,,,,,,,,,,,,,,,,,,,,,,,,,,,,,,,,,,,,,,,,,,,,,,,,,,,,,,,,,,,,,,,,,,,,,,,,,,,,,,,,,,,,,,,,,,,,,,,,,,,,,,,,,,,,,,,,,,,,,,,,,,,,,,,,,,,,,,,,,,,,,,,,,,,,,,,,,,,,,,,,,,,,,,,,,,,,,,,,,,,,,,,,,,,,,,,,,,,,,,,,,,,
,,,,,,,,,,,,,,,,,,,,,,,,,,,,,,,,,,,,,,,,,,,,,,,,,,,,,,,,,,,,,,,,,,,,,,,,,,,,,,,,,,,,,,,,,,,,,,,,,,,,,,,,,,,,,,,,,,,,,,,,,,,,,,,,,,,,,,,,,,,,,,,,,,,,,,,,,,,,,,,,,,,,,,,,,,,,,,,,,,,,,,,,,,,,,,,,,,,,,,,,,,,,,,,,,,,,,,,,,,,,,,,,,,,,,,,,,,,,,,,,,,,,,,,,,,,,,,,,,,,,,,,,,,,,,,,,,,,,,,,,,,,,,,,,,,,,,,,,,,,,,,,,,,,,,,,,,,,,,,,,,,,,,,,,,,,,,,,,,,,,,,,,,,,,,,,,,,,,,,,,,,,,,,,,,,,,,,,,,,,,,,,,,,,,,,,,,,,,,,,,,,,,,,,,,,,,,,
,,,,,,,,,,,,,,,,,,,,,,,,,,,,,,,,,,,,,,,,,,,,,,,,,,,,,,,,,,,,,,,,,,,,,,,,,,,,,,,,,,,,,,,,,,,,,,,,,,,,,,,,,,,,,,,,,,,,,,,,,,,,,,,,,,,,,,,,,,,,,,,,,,,,,,,,,,,,,,,,,,,,,,,,,,,,,,,,,,,,,,,,,,,,,,,,,,,,,,,,,,,,,,,,,,,,,,,,,,,,,,,,,,,,,,,,,,,,,,,,,,,,,,,,,,,,,,,,,,,,,,,,,,,,,,,,,,,,,,,,,,,,,,,,,,,,,,,,,,,,,,,,,,,,,,,,,,,,,,,,,,,,,,,,,,,,,,,,,,,,,,,,,,,,,,,,,,,,,,,,,,,,,,,,,,,,,,,,,,,,,,,,,,,,,,,,,,,,,,,,,,,,,,,,,,,,,,
,,,,,,,,,,,,,,,,,,,,,,,,,,,,,,,,,,,,,,,,,,,,,,,,,,,,,,,,,,,,,,,,,,,,,,,,,,,,,,,,,,,,,,,,,,,,,,,,,,,,,,,,,,,,,,,,,,,,,,,,,,,,,,,,,,,,,,,,,,,,,,,,,,,,,,,,,,,,,,,,,,,,,,,,,,,,,,,,,,,,,,,,,,,,,,,,,,,,,,,,,,,,,,,,,,,,,,,,,,,,,,,,,,,,,,,,,,,,,,,,,,,,,,,,,,,,,,,,,,,,,,,,,,,,,,,,,,,,,,,,,,,,,,,,,,,,,,,,,,,,,,,,,,,,,,,,,,,,,,,,,,,,,,,,,,,,,,,,,,,,,,,,,,,,,,,,,,,,,,,,,,,,,,,,,,,,,,,,,,,,,,,,,,,,,,,,,,,,,,,,,,,,,,,,,,,,,,
,,,,,,,,,,,,,,,,,,,,,,,,,,,,,,,,,,,,,,,,,,,,,,,,,,,,,,,,,,,,,,,,,,,,,,,,,,,,,,,,,,,,,,,,,,,,,,,,,,,,,,,,,,,,,,,,,,,,,,,,,,,,,,,,,,,,,,,,,,,,,,,,,,,,,,,,,,,,,,,,,,,,,,,,,,,,,,,,,,,,,,,,,,,,,,,,,,,,,,,,,,,,,,,,,,,,,,,,,,,,,,,,,,,,,,,,,,,,,,,,,,,,,,,,,,,,,,,,,,,,,,,,,,,,,,,,,,,,,,,,,,,,,,,,,,,,,,,,,,,,,,,,,,,,,,,,,,,,,,,,,,,,,,,,,,,,,,,,,,,,,,,,,,,,,,,,,,,,,,,,,,,,,,,,,,,,,,,,,,,,,,,,,,,,,,,,,,,,,,,,,,,,,,,,,,,,,,
,,,,,,,,,,,,,,,,,,,,,,,,,,,,,,,,,,,,,,,,,,,,,,,,,,,,,,,,,,,,,,,,,,,,,,,,,,,,,,,,,,,,,,,,,,,,,,,,,,,,,,,,,,,,,,,,,,,,,,,,,,,,,,,,,,,,,,,,,,,,,,,,,,,,,,,,,,,,,,,,,,,,,,,,,,,,,,,,,,,,,,,,,,,,,,,,,,,,,,,,,,,,,,,,,,,,,,,,,,,,,,,,,,,,,,,,,,,,,,,,,,,,,,,,,,,,,,,,,,,,,,,,,,,,,,,,,,,,,,,,,,,,,,,,,,,,,,,,,,,,,,,,,,,,,,,,,,,,,,,,,,,,,,,,,,,,,,,,,,,,,,,,,,,,,,,,,,,,,,,,,,,,,,,,,,,,,,,,,,,,,,,,,,,,,,,,,,,,,,,,,,,,,,,,,,,,,,
,,,,,,,,,,,,,,,,,,,,,,,,,,,,,,,,,,,,,,,,,,,,,,,,,,,,,,,,,,,,,,,,,,,,,,,,,,,,,,,,,,,,,,,,,,,,,,,,,,,,,,,,,,,,,,,,,,,,,,,,,,,,,,,,,,,,,,,,,,,,,,,,,,,,,,,,,,,,,,,,,,,,,,,,,,,,,,,,,,,,,,,,,,,,,,,,,,,,,,,,,,,,,,,,,,,,,,,,,,,,,,,,,,,,,,,,,,,,,,,,,,,,,,,,,,,,,,,,,,,,,,,,,,,,,,,,,,,,,,,,,,,,,,,,,,,,,,,,,,,,,,,,,,,,,,,,,,,,,,,,,,,,,,,,,,,,,,,,,,,,,,,,,,,,,,,,,,,,,,,,,,,,,,,,,,,,,,,,,,,,,,,,,,,,,,,,,,,,,,,,,,,,,,,,,,,,,,
,,,,,,,,,,,,,,,,,,,,,,,,,,,,,,,,,,,,,,,,,,,,,,,,,,,,,,,,,,,,,,,,,,,,,,,,,,,,,,,,,,,,,,,,,,,,,,,,,,,,,,,,,,,,,,,,,,,,,,,,,,,,,,,,,,,,,,,,,,,,,,,,,,,,,,,,,,,,,,,,,,,,,,,,,,,,,,,,,,,,,,,,,,,,,,,,,,,,,,,,,,,,,,,,,,,,,,,,,,,,,,,,,,,,,,,,,,,,,,,,,,,,,,,,,,,,,,,,,,,,,,,,,,,,,,,,,,,,,,,,,,,,,,,,,,,,,,,,,,,,,,,,,,,,,,,,,,,,,,,,,,,,,,,,,,,,,,,,,,,,,,,,,,,,,,,,,,,,,,,,,,,,,,,,,,,,,,,,,,,,,,,,,,,,,,,,,,,,,,,,,,,,,,,,,,,,,,
,,,,,,,,,,,,,,,,,,,,,,,,,,,,,,,,,,,,,,,,,,,,,,,,,,,,,,,,,,,,,,,,,,,,,,,,,,,,,,,,,,,,,,,,,,,,,,,,,,,,,,,,,,,,,,,,,,,,,,,,,,,,,,,,,,,,,,,,,,,,,,,,,,,,,,,,,,,,,,,,,,,,,,,,,,,,,,,,,,,,,,,,,,,,,,,,,,,,,,,,,,,,,,,,,,,,,,,,,,,,,,,,,,,,,,,,,,,,,,,,,,,,,,,,,,,,,,,,,,,,,,,,,,,,,,,,,,,,,,,,,,,,,,,,,,,,,,,,,,,,,,,,,,,,,,,,,,,,,,,,,,,,,,,,,,,,,,,,,,,,,,,,,,,,,,,,,,,,,,,,,,,,,,,,,,,,,,,,,,,,,,,,,,,,,,,,,,,,,,,,,,,,,,,,,,,,,,
,,,,,,,,,,,,,,,,,,,,,,,,,,,,,,,,,,,,,,,,,,,,,,,,,,,,,,,,,,,,,,,,,,,,,,,,,,,,,,,,,,,,,,,,,,,,,,,,,,,,,,,,,,,,,,,,,,,,,,,,,,,,,,,,,,,,,,,,,,,,,,,,,,,,,,,,,,,,,,,,,,,,,,,,,,,,,,,,,,,,,,,,,,,,,,,,,,,,,,,,,,,,,,,,,,,,,,,,,,,,,,,,,,,,,,,,,,,,,,,,,,,,,,,,,,,,,,,,,,,,,,,,,,,,,,,,,,,,,,,,,,,,,,,,,,,,,,,,,,,,,,,,,,,,,,,,,,,,,,,,,,,,,,,,,,,,,,,,,,,,,,,,,,,,,,,,,,,,,,,,,,,,,,,,,,,,,,,,,,,,,,,,,,,,,,,,,,,,,,,,,,,,,,,,,,,,,,
,,,,,,,,,,,,,,,,,,,,,,,,,,,,,,,,,,,,,,,,,,,,,,,,,,,,,,,,,,,,,,,,,,,,,,,,,,,,,,,,,,,,,,,,,,,,,,,,,,,,,,,,,,,,,,,,,,,,,,,,,,,,,,,,,,,,,,,,,,,,,,,,,,,,,,,,,,,,,,,,,,,,,,,,,,,,,,,,,,,,,,,,,,,,,,,,,,,,,,,,,,,,,,,,,,,,,,,,,,,,,,,,,,,,,,,,,,,,,,,,,,,,,,,,,,,,,,,,,,,,,,,,,,,,,,,,,,,,,,,,,,,,,,,,,,,,,,,,,,,,,,,,,,,,,,,,,,,,,,,,,,,,,,,,,,,,,,,,,,,,,,,,,,,,,,,,,,,,,,,,,,,,,,,,,,,,,,,,,,,,,,,,,,,,,,,,,,,,,,,,,,,,,,,,,,,,,,
,,,,,,,,,,,,,,,,,,,,,,,,,,,,,,,,,,,,,,,,,,,,,,,,,,,,,,,,,,,,,,,,,,,,,,,,,,,,,,,,,,,,,,,,,,,,,,,,,,,,,,,,,,,,,,,,,,,,,,,,,,,,,,,,,,,,,,,,,,,,,,,,,,,,,,,,,,,,,,,,,,,,,,,,,,,,,,,,,,,,,,,,,,,,,,,,,,,,,,,,,,,,,,,,,,,,,,,,,,,,,,,,,,,,,,,,,,,,,,,,,,,,,,,,,,,,,,,,,,,,,,,,,,,,,,,,,,,,,,,,,,,,,,,,,,,,,,,,,,,,,,,,,,,,,,,,,,,,,,,,,,,,,,,,,,,,,,,,,,,,,,,,,,,,,,,,,,,,,,,,,,,,,,,,,,,,,,,,,,,,,,,,,,,,,,,,,,,,,,,,,,,,,,,,,,,,,,
,,,,,,,,,,,,,,,,,,,,,,,,,,,,,,,,,,,,,,,,,,,,,,,,,,,,,,,,,,,,,,,,,,,,,,,,,,,,,,,,,,,,,,,,,,,,,,,,,,,,,,,,,,,,,,,,,,,,,,,,,,,,,,,,,,,,,,,,,,,,,,,,,,,,,,,,,,,,,,,,,,,,,,,,,,,,,,,,,,,,,,,,,,,,,,,,,,,,,,,,,,,,,,,,,,,,,,,,,,,,,,,,,,,,,,,,,,,,,,,,,,,,,,,,,,,,,,,,,,,,,,,,,,,,,,,,,,,,,,,,,,,,,,,,,,,,,,,,,,,,,,,,,,,,,,,,,,,,,,,,,,,,,,,,,,,,,,,,,,,,,,,,,,,,,,,,,,,,,,,,,,,,,,,,,,,,,,,,,,,,,,,,,,,,,,,,,,,,,,,,,,,,,,,,,,,,,,
,,,,,,,,,,,,,,,,,,,,,,,,,,,,,,,,,,,,,,,,,,,,,,,,,,,,,,,,,,,,,,,,,,,,,,,,,,,,,,,,,,,,,,,,,,,,,,,,,,,,,,,,,,,,,,,,,,,,,,,,,,,,,,,,,,,,,,,,,,,,,,,,,,,,,,,,,,,,,,,,,,,,,,,,,,,,,,,,,,,,,,,,,,,,,,,,,,,,,,,,,,,,,,,,,,,,,,,,,,,,,,,,,,,,,,,,,,,,,,,,,,,,,,,,,,,,,,,,,,,,,,,,,,,,,,,,,,,,,,,,,,,,,,,,,,,,,,,,,,,,,,,,,,,,,,,,,,,,,,,,,,,,,,,,,,,,,,,,,,,,,,,,,,,,,,,,,,,,,,,,,,,,,,,,,,,,,,,,,,,,,,,,,,,,,,,,,,,,,,,,,,,,,,,,,,,,,,
,,,,,,,,,,,,,,,,,,,,,,,,,,,,,,,,,,,,,,,,,,,,,,,,,,,,,,,,,,,,,,,,,,,,,,,,,,,,,,,,,,,,,,,,,,,,,,,,,,,,,,,,,,,,,,,,,,,,,,,,,,,,,,,,,,,,,,,,,,,,,,,,,,,,,,,,,,,,,,,,,,,,,,,,,,,,,,,,,,,,,,,,,,,,,,,,,,,,,,,,,,,,,,,,,,,,,,,,,,,,,,,,,,,,,,,,,,,,,,,,,,,,,,,,,,,,,,,,,,,,,,,,,,,,,,,,,,,,,,,,,,,,,,,,,,,,,,,,,,,,,,,,,,,,,,,,,,,,,,,,,,,,,,,,,,,,,,,,,,,,,,,,,,,,,,,,,,,,,,,,,,,,,,,,,,,,,,,,,,,,,,,,,,,,,,,,,,,,,,,,,,,,,,,,,,,,,,
,,,,,,,,,,,,,,,,,,,,,,,,,,,,,,,,,,,,,,,,,,,,,,,,,,,,,,,,,,,,,,,,,,,,,,,,,,,,,,,,,,,,,,,,,,,,,,,,,,,,,,,,,,,,,,,,,,,,,,,,,,,,,,,,,,,,,,,,,,,,,,,,,,,,,,,,,,,,,,,,,,,,,,,,,,,,,,,,,,,,,,,,,,,,,,,,,,,,,,,,,,,,,,,,,,,,,,,,,,,,,,,,,,,,,,,,,,,,,,,,,,,,,,,,,,,,,,,,,,,,,,,,,,,,,,,,,,,,,,,,,,,,,,,,,,,,,,,,,,,,,,,,,,,,,,,,,,,,,,,,,,,,,,,,,,,,,,,,,,,,,,,,,,,,,,,,,,,,,,,,,,,,,,,,,,,,,,,,,,,,,,,,,,,,,,,,,,,,,,,,,,,,,,,,,,,,,,
,,,,,,,,,,,,,,,,,,,,,,,,,,,,,,,,,,,,,,,,,,,,,,,,,,,,,,,,,,,,,,,,,,,,,,,,,,,,,,,,,,,,,,,,,,,,,,,,,,,,,,,,,,,,,,,,,,,,,,,,,,,,,,,,,,,,,,,,,,,,,,,,,,,,,,,,,,,,,,,,,,,,,,,,,,,,,,,,,,,,,,,,,,,,,,,,,,,,,,,,,,,,,,,,,,,,,,,,,,,,,,,,,,,,,,,,,,,,,,,,,,,,,,,,,,,,,,,,,,,,,,,,,,,,,,,,,,,,,,,,,,,,,,,,,,,,,,,,,,,,,,,,,,,,,,,,,,,,,,,,,,,,,,,,,,,,,,,,,,,,,,,,,,,,,,,,,,,,,,,,,,,,,,,,,,,,,,,,,,,,,,,,,,,,,,,,,,,,,,,,,,,,,,,,,,,,,,
,,,,,,,,,,,,,,,,,,,,,,,,,,,,,,,,,,,,,,,,,,,,,,,,,,,,,,,,,,,,,,,,,,,,,,,,,,,,,,,,,,,,,,,,,,,,,,,,,,,,,,,,,,,,,,,,,,,,,,,,,,,,,,,,,,,,,,,,,,,,,,,,,,,,,,,,,,,,,,,,,,,,,,,,,,,,,,,,,,,,,,,,,,,,,,,,,,,,,,,,,,,,,,,,,,,,,,,,,,,,,,,,,,,,,,,,,,,,,,,,,,,,,,,,,,,,,,,,,,,,,,,,,,,,,,,,,,,,,,,,,,,,,,,,,,,,,,,,,,,,,,,,,,,,,,,,,,,,,,,,,,,,,,,,,,,,,,,,,,,,,,,,,,,,,,,,,,,,,,,,,,,,,,,,,,,,,,,,,,,,,,,,,,,,,,,,,,,,,,,,,,,,,,,,,,,,,,
,,,,,,,,,,,,,,,,,,,,,,,,,,,,,,,,,,,,,,,,,,,,,,,,,,,,,,,,,,,,,,,,,,,,,,,,,,,,,,,,,,,,,,,,,,,,,,,,,,,,,,,,,,,,,,,,,,,,,,,,,,,,,,,,,,,,,,,,,,,,,,,,,,,,,,,,,,,,,,,,,,,,,,,,,,,,,,,,,,,,,,,,,,,,,,,,,,,,,,,,,,,,,,,,,,,,,,,,,,,,,,,,,,,,,,,,,,,,,,,,,,,,,,,,,,,,,,,,,,,,,,,,,,,,,,,,,,,,,,,,,,,,,,,,,,,,,,,,,,,,,,,,,,,,,,,,,,,,,,,,,,,,,,,,,,,,,,,,,,,,,,,,,,,,,,,,,,,,,,,,,,,,,,,,,,,,,,,,,,,,,,,,,,,,,,,,,,,,,,,,,,,,,,,,,,,,,,
,,,,,,,,,,,,,,,,,,,,,,,,,,,,,,,,,,,,,,,,,,,,,,,,,,,,,,,,,,,,,,,,,,,,,,,,,,,,,,,,,,,,,,,,,,,,,,,,,,,,,,,,,,,,,,,,,,,,,,,,,,,,,,,,,,,,,,,,,,,,,,,,,,,,,,,,,,,,,,,,,,,,,,,,,,,,,,,,,,,,,,,,,,,,,,,,,,,,,,,,,,,,,,,,,,,,,,,,,,,,,,,,,,,,,,,,,,,,,,,,,,,,,,,,,,,,,,,,,,,,,,,,,,,,,,,,,,,,,,,,,,,,,,,,,,,,,,,,,,,,,,,,,,,,,,,,,,,,,,,,,,,,,,,,,,,,,,,,,,,,,,,,,,,,,,,,,,,,,,,,,,,,,,,,,,,,,,,,,,,,,,,,,,,,,,,,,,,,,,,,,,,,,,,,,,,,,,
,,,,,,,,,,,,,,,,,,,,,,,,,,,,,,,,,,,,,,,,,,,,,,,,,,,,,,,,,,,,,,,,,,,,,,,,,,,,,,,,,,,,,,,,,,,,,,,,,,,,,,,,,,,,,,,,,,,,,,,,,,,,,,,,,,,,,,,,,,,,,,,,,,,,,,,,,,,,,,,,,,,,,,,,,,,,,,,,,,,,,,,,,,,,,,,,,,,,,,,,,,,,,,,,,,,,,,,,,,,,,,,,,,,,,,,,,,,,,,,,,,,,,,,,,,,,,,,,,,,,,,,,,,,,,,,,,,,,,,,,,,,,,,,,,,,,,,,,,,,,,,,,,,,,,,,,,,,,,,,,,,,,,,,,,,,,,,,,,,,,,,,,,,,,,,,,,,,,,,,,,,,,,,,,,,,,,,,,,,,,,,,,,,,,,,,,,,,,,,,,,,,,,,,,,,,,,,
,,,,,,,,,,,,,,,,,,,,,,,,,,,,,,,,,,,,,,,,,,,,,,,,,,,,,,,,,,,,,,,,,,,,,,,,,,,,,,,,,,,,,,,,,,,,,,,,,,,,,,,,,,,,,,,,,,,,,,,,,,,,,,,,,,,,,,,,,,,,,,,,,,,,,,,,,,,,,,,,,,,,,,,,,,,,,,,,,,,,,,,,,,,,,,,,,,,,,,,,,,,,,,,,,,,,,,,,,,,,,,,,,,,,,,,,,,,,,,,,,,,,,,,,,,,,,,,,,,,,,,,,,,,,,,,,,,,,,,,,,,,,,,,,,,,,,,,,,,,,,,,,,,,,,,,,,,,,,,,,,,,,,,,,,,,,,,,,,,,,,,,,,,,,,,,,,,,,,,,,,,,,,,,,,,,,,,,,,,,,,,,,,,,,,,,,,,,,,,,,,,,,,,,,,,,,,,
,,,,,,,,,,,,,,,,,,,,,,,,,,,,,,,,,,,,,,,,,,,,,,,,,,,,,,,,,,,,,,,,,,,,,,,,,,,,,,,,,,,,,,,,,,,,,,,,,,,,,,,,,,,,,,,,,,,,,,,,,,,,,,,,,,,,,,,,,,,,,,,,,,,,,,,,,,,,,,,,,,,,,,,,,,,,,,,,,,,,,,,,,,,,,,,,,,,,,,,,,,,,,,,,,,,,,,,,,,,,,,,,,,,,,,,,,,,,,,,,,,,,,,,,,,,,,,,,,,,,,,,,,,,,,,,,,,,,,,,,,,,,,,,,,,,,,,,,,,,,,,,,,,,,,,,,,,,,,,,,,,,,,,,,,,,,,,,,,,,,,,,,,,,,,,,,,,,,,,,,,,,,,,,,,,,,,,,,,,,,,,,,,,,,,,,,,,,,,,,,,,,,,,,,,,,,,,
,,,,,,,,,,,,,,,,,,,,,,,,,,,,,,,,,,,,,,,,,,,,,,,,,,,,,,,,,,,,,,,,,,,,,,,,,,,,,,,,,,,,,,,,,,,,,,,,,,,,,,,,,,,,,,,,,,,,,,,,,,,,,,,,,,,,,,,,,,,,,,,,,,,,,,,,,,,,,,,,,,,,,,,,,,,,,,,,,,,,,,,,,,,,,,,,,,,,,,,,,,,,,,,,,,,,,,,,,,,,,,,,,,,,,,,,,,,,,,,,,,,,,,,,,,,,,,,,,,,,,,,,,,,,,,,,,,,,,,,,,,,,,,,,,,,,,,,,,,,,,,,,,,,,,,,,,,,,,,,,,,,,,,,,,,,,,,,,,,,,,,,,,,,,,,,,,,,,,,,,,,,,,,,,,,,,,,,,,,,,,,,,,,,,,,,,,,,,,,,,,,,,,,,,,,,,,,
,,,,,,,,,,,,,,,,,,,,,,,,,,,,,,,,,,,,,,,,,,,,,,,,,,,,,,,,,,,,,,,,,,,,,,,,,,,,,,,,,,,,,,,,,,,,,,,,,,,,,,,,,,,,,,,,,,,,,,,,,,,,,,,,,,,,,,,,,,,,,,,,,,,,,,,,,,,,,,,,,,,,,,,,,,,,,,,,,,,,,,,,,,,,,,,,,,,,,,,,,,,,,,,,,,,,,,,,,,,,,,,,,,,,,,,,,,,,,,,,,,,,,,,,,,,,,,,,,,,,,,,,,,,,,,,,,,,,,,,,,,,,,,,,,,,,,,,,,,,,,,,,,,,,,,,,,,,,,,,,,,,,,,,,,,,,,,,,,,,,,,,,,,,,,,,,,,,,,,,,,,,,,,,,,,,,,,,,,,,,,,,,,,,,,,,,,,,,,,,,,,,,,,,,,,,,,,
,,,,,,,,,,,,,,,,,,,,,,,,,,,,,,,,,,,,,,,,,,,,,,,,,,,,,,,,,,,,,,,,,,,,,,,,,,,,,,,,,,,,,,,,,,,,,,,,,,,,,,,,,,,,,,,,,,,,,,,,,,,,,,,,,,,,,,,,,,,,,,,,,,,,,,,,,,,,,,,,,,,,,,,,,,,,,,,,,,,,,,,,,,,,,,,,,,,,,,,,,,,,,,,,,,,,,,,,,,,,,,,,,,,,,,,,,,,,,,,,,,,,,,,,,,,,,,,,,,,,,,,,,,,,,,,,,,,,,,,,,,,,,,,,,,,,,,,,,,,,,,,,,,,,,,,,,,,,,,,,,,,,,,,,,,,,,,,,,,,,,,,,,,,,,,,,,,,,,,,,,,,,,,,,,,,,,,,,,,,,,,,,,,,,,,,,,,,,,,,,,,,,,,,,,,,,,,
,,,,,,,,,,,,,,,,,,,,,,,,,,,,,,,,,,,,,,,,,,,,,,,,,,,,,,,,,,,,,,,,,,,,,,,,,,,,,,,,,,,,,,,,,,,,,,,,,,,,,,,,,,,,,,,,,,,,,,,,,,,,,,,,,,,,,,,,,,,,,,,,,,,,,,,,,,,,,,,,,,,,,,,,,,,,,,,,,,,,,,,,,,,,,,,,,,,,,,,,,,,,,,,,,,,,,,,,,,,,,,,,,,,,,,,,,,,,,,,,,,,,,,,,,,,,,,,,,,,,,,,,,,,,,,,,,,,,,,,,,,,,,,,,,,,,,,,,,,,,,,,,,,,,,,,,,,,,,,,,,,,,,,,,,,,,,,,,,,,,,,,,,,,,,,,,,,,,,,,,,,,,,,,,,,,,,,,,,,,,,,,,,,,,,,,,,,,,,,,,,,,,,,,,,,,,,,
,,,,,,,,,,,,,,,,,,,,,,,,,,,,,,,,,,,,,,,,,,,,,,,,,,,,,,,,,,,,,,,,,,,,,,,,,,,,,,,,,,,,,,,,,,,,,,,,,,,,,,,,,,,,,,,,,,,,,,,,,,,,,,,,,,,,,,,,,,,,,,,,,,,,,,,,,,,,,,,,,,,,,,,,,,,,,,,,,,,,,,,,,,,,,,,,,,,,,,,,,,,,,,,,,,,,,,,,,,,,,,,,,,,,,,,,,,,,,,,,,,,,,,,,,,,,,,,,,,,,,,,,,,,,,,,,,,,,,,,,,,,,,,,,,,,,,,,,,,,,,,,,,,,,,,,,,,,,,,,,,,,,,,,,,,,,,,,,,,,,,,,,,,,,,,,,,,,,,,,,,,,,,,,,,,,,,,,,,,,,,,,,,,,,,,,,,,,,,,,,,,,,,,,,,,,,,,
,,,,,,,,,,,,,,,,,,,,,,,,,,,,,,,,,,,,,,,,,,,,,,,,,,,,,,,,,,,,,,,,,,,,,,,,,,,,,,,,,,,,,,,,,,,,,,,,,,,,,,,,,,,,,,,,,,,,,,,,,,,,,,,,,,,,,,,,,,,,,,,,,,,,,,,,,,,,,,,,,,,,,,,,,,,,,,,,,,,,,,,,,,,,,,,,,,,,,,,,,,,,,,,,,,,,,,,,,,,,,,,,,,,,,,,,,,,,,,,,,,,,,,,,,,,,,,,,,,,,,,,,,,,,,,,,,,,,,,,,,,,,,,,,,,,,,,,,,,,,,,,,,,,,,,,,,,,,,,,,,,,,,,,,,,,,,,,,,,,,,,,,,,,,,,,,,,,,,,,,,,,,,,,,,,,,,,,,,,,,,,,,,,,,,,,,,,,,,,,,,,,,,,,,,,,,,,
,,,,,,,,,,,,,,,,,,,,,,,,,,,,,,,,,,,,,,,,,,,,,,,,,,,,,,,,,,,,,,,,,,,,,,,,,,,,,,,,,,,,,,,,,,,,,,,,,,,,,,,,,,,,,,,,,,,,,,,,,,,,,,,,,,,,,,,,,,,,,,,,,,,,,,,,,,,,,,,,,,,,,,,,,,,,,,,,,,,,,,,,,,,,,,,,,,,,,,,,,,,,,,,,,,,,,,,,,,,,,,,,,,,,,,,,,,,,,,,,,,,,,,,,,,,,,,,,,,,,,,,,,,,,,,,,,,,,,,,,,,,,,,,,,,,,,,,,,,,,,,,,,,,,,,,,,,,,,,,,,,,,,,,,,,,,,,,,,,,,,,,,,,,,,,,,,,,,,,,,,,,,,,,,,,,,,,,,,,,,,,,,,,,,,,,,,,,,,,,,,,,,,,,,,,,,,,
