Project Name,NGS Date
CAGE3054,test_pmh
CAGE3055,test_pmh
CAGE3056,test_pmh
CAGE3057,test_pmh
CAGE3356,test_pmh
CAGE3358,test_pmh
CAGE3361,test_pmh
CAGE3362,test_pmh
CAGE3363,test_pmh
CAGE3372,test_pmh
CAGE3374,test_pmh
CAGE1000,test_pmh
CAGE1100,test_pmh
CAGE1200,test_pmh
CAGE1300,test_pmh
CAGE1400,test_pmh
CAGE1500,test_pmh
CAGE1600,test_pmh
CAGE1111,test_pmh
CAGE2222,test_pmh
CAGE3333,test_pmh
CAGE4444,test_pmh
CAGE5555,test_pmh
CAGE6666,test_pmh
CAGE7777,test_pmh
CAGE8888,test_pmh
CAGE9999,test_pmh
